query_id,query_text,category,project,difficulty,grounding_document_id,review_status,reviewer_decision,reviewer_notes
candidate-00266c33d13a,How should an engineer use the API or interface for Pod and container logs in Kubernetes?,API usage,Kubernetes,intermediate,kubernetes-docs-content-en-docs-concepts-cluster-administration-logging-md,NEEDS_HUMAN_REVIEW,,
candidate-01092a2e464c,How should an engineer use the API or interface for Writing a ReplicationController Manifest in Kubernetes?,API usage,Kubernetes,intermediate,kubernetes-docs-content-en-docs-concepts-workloads-controllers-replicationcontroller-md,NEEDS_HUMAN_REVIEW,,
candidate-01595e14cb59,How should an engineer use the API or interface for Spread constraint definition in Kubernetes?,API usage,Kubernetes,intermediate,kubernetes-docs-content-en-docs-concepts-scheduling-eviction-topology-spread-constraints-md,NEEDS_HUMAN_REVIEW,,
candidate-02146cc991ca,How should an engineer use the API or interface for Feature state demo in Kubernetes?,API usage,Kubernetes,intermediate,kubernetes-docs-content-en-docs-contribute-style-hugo-shortcodes-index-md,NEEDS_HUMAN_REVIEW,,
candidate-0353d5b38e7d,How should an engineer use the API or interface for Enabling bin packing using RequestedToCapacityRatio in Kubernetes?,API usage,Kubernetes,intermediate,kubernetes-docs-content-en-docs-concepts-scheduling-eviction-resource-bin-packing-md,NEEDS_HUMAN_REVIEW,,
candidate-0383671691c3,How should an engineer use the API or interface for Enable the status subresource for NetworkPolicy objects in Kubernetes?,API usage,Kubernetes,intermediate,kubernetes-docs-content-en-docs-reference-command-line-tools-reference-feature-gates-networkpolicystatus-md,NEEDS_HUMAN_REVIEW,,
candidate-03a4e2aa948f,How should an engineer use the API or interface for Compatibility and limitations in Kubernetes?,API usage,Kubernetes,intermediate,kubernetes-docs-content-en-docs-concepts-windows-intro-md,NEEDS_HUMAN_REVIEW,,
candidate-03dd98095374,How should an engineer use the API or interface for Using Pods in Kubernetes?,API usage,Kubernetes,intermediate,kubernetes-docs-content-en-docs-concepts-workloads-pods-index-md,NEEDS_HUMAN_REVIEW,,
candidate-041f332abd1c,How should an engineer use the API or interface for Develop lifecycle phase in Kubernetes?,API usage,Kubernetes,intermediate,kubernetes-docs-content-en-docs-concepts-security-cloud-native-security-md,NEEDS_HUMAN_REVIEW,,
candidate-04eaad63d316,"How should an engineer use the API or interface for Owner references, labels, and finalizers in Kubernetes?",API usage,Kubernetes,intermediate,kubernetes-docs-content-en-docs-concepts-overview-working-with-objects-finalizers-md,NEEDS_HUMAN_REVIEW,,
candidate-06274c1d2b3d,How should an engineer use the API or interface for Defining a Service in Kubernetes?,API usage,Kubernetes,intermediate,kubernetes-docs-content-en-docs-concepts-services-networking-service-md,NEEDS_HUMAN_REVIEW,,
candidate-0672fce2f51f,How should an engineer use the API or interface for Lifecycle of a volume snapshot and volume snapshot content in Kubernetes?,API usage,Kubernetes,advanced,kubernetes-docs-content-en-docs-concepts-storage-volume-snapshots-md,NEEDS_HUMAN_REVIEW,,
candidate-0711defb2693,How should an engineer use the API or interface for Custom resources are extensions of the Kubernetes API in Kubernetes?,API usage,Kubernetes,advanced,kubernetes-docs-content-en-docs-concepts-extend-kubernetes-api-extension-index-md,NEEDS_HUMAN_REVIEW,,
candidate-0793e62883d1,How should an engineer use the API or interface for API Reference in Kubernetes?,API usage,Kubernetes,intermediate,kubernetes-docs-content-en-docs-reference-index-md,NEEDS_HUMAN_REVIEW,,
candidate-07a030c200d8,How should an engineer use the API or interface for Pod scheduling constraints in Kubernetes?,API usage,Kubernetes,intermediate,kubernetes-docs-content-en-docs-concepts-cluster-administration-node-autoscaling-md,NEEDS_HUMAN_REVIEW,,
candidate-08e2ae02d4ca,How should an engineer use the API or interface for Kubernetes provides several built-in APIs for declarative management of your and the components of t in Kubernetes?,API usage,Kubernetes,advanced,kubernetes-docs-content-en-docs-concepts-workloads-controllers-index-md,NEEDS_HUMAN_REVIEW,,
candidate-097e7cd9df8e,How should an engineer use the API or interface for How to use priority and preemption in Kubernetes?,API usage,Kubernetes,intermediate,kubernetes-docs-content-en-docs-concepts-scheduling-eviction-pod-priority-preemption-md,NEEDS_HUMAN_REVIEW,,
candidate-09e34b44a7a7,How should an engineer use the API or interface for Updating TTL for finished Jobs in Kubernetes?,API usage,Kubernetes,intermediate,kubernetes-docs-content-en-docs-concepts-workloads-controllers-ttlafterfinished-md,NEEDS_HUMAN_REVIEW,,
candidate-0a1d5c39eef9,How should an engineer use the API or interface for The kubelet API in Kubernetes?,API usage,Kubernetes,intermediate,kubernetes-docs-content-en-docs-concepts-security-api-server-bypass-risks-md,NEEDS_HUMAN_REVIEW,,
candidate-0a2aad8e1d07,How should an engineer use the API or interface for The VolumeSnapshotClass Resource in Kubernetes?,API usage,Kubernetes,intermediate,kubernetes-docs-content-en-docs-concepts-storage-volume-snapshot-classes-md,NEEDS_HUMAN_REVIEW,,
candidate-0a7f19337b75,How should an engineer use the API or interface for Namespaces of Services in Kubernetes?,API usage,Kubernetes,intermediate,kubernetes-docs-content-en-docs-concepts-services-networking-dns-pod-service-md,NEEDS_HUMAN_REVIEW,,
candidate-0aa0cc3e445b,How should an engineer use the API or interface for Minimize distribution of privileged tokens in Kubernetes?,API usage,Kubernetes,intermediate,kubernetes-docs-content-en-docs-concepts-security-rbac-good-practices-md,NEEDS_HUMAN_REVIEW,,
candidate-0b2648346fd3,How should an engineer use the API or interface for Specifying a scheduling group in Kubernetes?,API usage,Kubernetes,intermediate,kubernetes-docs-content-en-docs-concepts-workloads-pods-scheduling-group-md,NEEDS_HUMAN_REVIEW,,
candidate-002e7bf1a4e6,How should an engineer use the API or interface for Creating a Database in PostgreSQL?,API usage,PostgreSQL,intermediate,postgresql-docs-doc-src-sgml-manage-ag-sgml,NEEDS_HUMAN_REVIEW,,
candidate-037699cc4d7f,How should an engineer use the API or interface for pgreceivexlog renamed to pgreceivewal in PostgreSQL?,API usage,PostgreSQL,intermediate,postgresql-docs-doc-src-sgml-appendix-obsolete-pgreceivexlog-sgml,NEEDS_HUMAN_REVIEW,,
candidate-038a1c5c234d,How should an engineer use the API or interface for System Catalog Declaration Rules in PostgreSQL?,API usage,PostgreSQL,intermediate,postgresql-docs-doc-src-sgml-bki-sgml,NEEDS_HUMAN_REVIEW,,
candidate-058ac34dd759,How should an engineer use the API or interface for Managing Database Connections in PostgreSQL?,API usage,PostgreSQL,intermediate,postgresql-docs-doc-src-sgml-ecpg-sgml,NEEDS_HUMAN_REVIEW,,
candidate-067840f8ad49,How should an engineer use the API or interface for PL/Tcl &mdash; Tcl Procedural Language in PostgreSQL?,API usage,PostgreSQL,intermediate,postgresql-docs-doc-src-sgml-pltcl-sgml,NEEDS_HUMAN_REVIEW,,
candidate-082f19892fd4,How should an engineer use the API or interface for Array Operators in PostgreSQL?,API usage,PostgreSQL,intermediate,postgresql-docs-doc-src-sgml-func-func-array-sgml,NEEDS_HUMAN_REVIEW,,
candidate-0a35a0c3f53c,How should an engineer use the API or interface for Comparison Functions and Operators in PostgreSQL?,API usage,PostgreSQL,intermediate,postgresql-docs-doc-src-sgml-func-func-comparison-sgml,NEEDS_HUMAN_REVIEW,,
candidate-000133eacd96,How does Officially supported client libraries fit into the architecture of Kubernetes?,architecture,Kubernetes,intermediate,kubernetes-docs-content-en-docs-reference-index-md,NEEDS_HUMAN_REVIEW,,
candidate-0021e737222c,How does You can enable the MultiCIDRServiceAllocator feature gate fit into the architecture of Kubernetes?,architecture,Kubernetes,intermediate,kubernetes-docs-content-en-docs-reference-command-line-tools-reference-feature-gates-disableallocatordualwrite-md,NEEDS_HUMAN_REVIEW,,
candidate-0069b8c50786,How does Allows updating node scheduling directives in the pod template of Job fit into the architecture of Kubernetes?,architecture,Kubernetes,advanced,kubernetes-docs-content-en-docs-reference-command-line-tools-reference-feature-gates-jobmutablenodeschedulingdirectives-md,NEEDS_HUMAN_REVIEW,,
candidate-007a9565e768,How does Enables shims and translation logic to route volume operations from the Portworx in-tree plugin to P fit into the architecture of Kubernetes?,architecture,Kubernetes,advanced,kubernetes-docs-content-en-docs-reference-command-line-tools-reference-feature-gates-csimigrationportworx-md,NEEDS_HUMAN_REVIEW,,
candidate-00a511a940a6,How does Distribute lifecycle phase fit into the architecture of Kubernetes?,architecture,Kubernetes,intermediate,kubernetes-docs-content-en-docs-concepts-security-cloud-native-security-md,NEEDS_HUMAN_REVIEW,,
candidate-0292a340ae0c,How does Use case: Secret visible to one container in a Pod fit into the architecture of Kubernetes?,architecture,Kubernetes,advanced,kubernetes-docs-content-en-docs-concepts-configuration-secret-md,NEEDS_HUMAN_REVIEW,,
candidate-039378af6c25,How does Schedule syntax fit into the architecture of Kubernetes?,architecture,Kubernetes,intermediate,kubernetes-docs-content-en-docs-concepts-workloads-controllers-cron-jobs-md,NEEDS_HUMAN_REVIEW,,
candidate-042a662fdce0,How does Identify whether you use admission webhooks fit into the architecture of Kubernetes?,architecture,Kubernetes,intermediate,kubernetes-docs-content-en-docs-concepts-cluster-administration-admission-webhooks-good-practices-md,NEEDS_HUMAN_REVIEW,,
candidate-05ae3becee4d,How does Example RBAC patterns fit into the architecture of Kubernetes?,architecture,Kubernetes,intermediate,kubernetes-docs-content-en-docs-concepts-security-hardening-guide-dynamic-resource-allocation-md,NEEDS_HUMAN_REVIEW,,
candidate-0c41290647e7,How does Add support for distributed tracing in the kubelet fit into the architecture of Kubernetes?,architecture,Kubernetes,advanced,kubernetes-docs-content-en-docs-reference-command-line-tools-reference-feature-gates-kubelettracing-md,NEEDS_HUMAN_REVIEW,,
candidate-0d84e42c47be,How does Troubleshooting stuck evictions fit into the architecture of Kubernetes?,architecture,Kubernetes,intermediate,kubernetes-docs-content-en-docs-concepts-scheduling-eviction-api-eviction-md,NEEDS_HUMAN_REVIEW,,
candidate-0dd721afd168,How does Enables KMS v2 API for encryption at rest fit into the architecture of Kubernetes?,architecture,Kubernetes,advanced,kubernetes-docs-content-en-docs-reference-command-line-tools-reference-feature-gates-kmsv2-md,NEEDS_HUMAN_REVIEW,,
candidate-0e6ca5e95551,How does Enables KMS v1 API for encryption at rest fit into the architecture of Kubernetes?,architecture,Kubernetes,advanced,kubernetes-docs-content-en-docs-reference-command-line-tools-reference-feature-gates-kmsv1-md,NEEDS_HUMAN_REVIEW,,
candidate-0e7b43797e6d,How does Klog output fit into the architecture of Kubernetes?,architecture,Kubernetes,intermediate,kubernetes-docs-content-en-docs-concepts-cluster-administration-system-logs-md,NEEDS_HUMAN_REVIEW,,
candidate-0e93aca34b29,How does X.509 client certificate authentication fit into the architecture of Kubernetes?,architecture,Kubernetes,intermediate,kubernetes-docs-content-en-docs-concepts-security-hardening-guide-authentication-mechanisms-md,NEEDS_HUMAN_REVIEW,,
candidate-0e9ff76f2ecf,How does Anonymous requests fit into the architecture of Kubernetes?,architecture,Kubernetes,intermediate,kubernetes-docs-content-en-docs-reference-access-authn-authz-authentication-md,NEEDS_HUMAN_REVIEW,,
candidate-0f28c018c777,How does Default Pod hostname fit into the architecture of Kubernetes?,architecture,Kubernetes,intermediate,kubernetes-docs-content-en-docs-concepts-workloads-pods-pod-hostname-md,NEEDS_HUMAN_REVIEW,,
candidate-0f7853017781,How does How does a VerticalPodAutoscaler work? fit into the architecture of Kubernetes?,architecture,Kubernetes,intermediate,kubernetes-docs-content-en-docs-concepts-workloads-autoscaling-vertical-pod-autoscale-md,NEEDS_HUMAN_REVIEW,,
candidate-0f8bd466b129,How does Enable container log rotation for CRI container runtime fit into the architecture of Kubernetes?,architecture,Kubernetes,advanced,kubernetes-docs-content-en-docs-reference-command-line-tools-reference-feature-gates-cricontainerlogrotation-md,NEEDS_HUMAN_REVIEW,,
candidate-0f97823b67f1,How does IP address management (IPAM) fit into the architecture of Kubernetes?,architecture,Kubernetes,intermediate,kubernetes-docs-content-en-docs-concepts-services-networking-windows-networking-md,NEEDS_HUMAN_REVIEW,,
candidate-0fb05aeeb510,How does Enables Leader Migration for kube-controller-manager and cloud-controller-manager which allows a clu fit into the architecture of Kubernetes?,architecture,Kubernetes,advanced,kubernetes-docs-content-en-docs-reference-command-line-tools-reference-feature-gates-controllermanagerleadermigration-md,NEEDS_HUMAN_REVIEW,,
candidate-1035b4a340a3,How does How API-initiated eviction works fit into the architecture of Kubernetes?,architecture,Kubernetes,intermediate,kubernetes-docs-content-en-docs-concepts-scheduling-eviction-api-eviction-md,NEEDS_HUMAN_REVIEW,,
candidate-10f4ecf53e05,How does Types of resource quota fit into the architecture of Kubernetes?,architecture,Kubernetes,intermediate,kubernetes-docs-content-en-docs-concepts-policy-resource-quotas-md,NEEDS_HUMAN_REVIEW,,
candidate-119324effd20,How does Configure the kube-controller-manager to publish a to every namespace fit into the architecture of Kubernetes?,architecture,Kubernetes,advanced,kubernetes-docs-content-en-docs-reference-command-line-tools-reference-feature-gates-rootcaconfigmap-md,NEEDS_HUMAN_REVIEW,,
candidate-1211da9797b4,How does Example Use Cases fit into the architecture of Kubernetes?,architecture,Kubernetes,intermediate,kubernetes-docs-content-en-docs-concepts-scheduling-eviction-taint-and-toleration-md,NEEDS_HUMAN_REVIEW,,
candidate-138224e8233f,How does Use upper camel case for API objects fit into the architecture of Kubernetes?,architecture,Kubernetes,intermediate,kubernetes-docs-content-en-docs-contribute-style-style-guide-md,NEEDS_HUMAN_REVIEW,,
candidate-1496b15b41bc,How does Using Pods fit into the architecture of Kubernetes?,architecture,Kubernetes,intermediate,kubernetes-docs-content-en-docs-concepts-workloads-pods-index-md,NEEDS_HUMAN_REVIEW,,
candidate-157a43db729e,How does Control plane components fit into the architecture of Kubernetes?,architecture,Kubernetes,intermediate,kubernetes-docs-content-en-docs-concepts-architecture-index-md,NEEDS_HUMAN_REVIEW,,
candidate-076f704a8298,How does Data Definition fit into the architecture of PostgreSQL?,architecture,PostgreSQL,intermediate,postgresql-docs-doc-src-sgml-ddl-sgml,NEEDS_HUMAN_REVIEW,,
candidate-0efaf4409b7c,How does Client Applications fit into the architecture of PostgreSQL?,architecture,PostgreSQL,intermediate,postgresql-docs-doc-src-sgml-contrib-sgml,NEEDS_HUMAN_REVIEW,,
candidate-00cd82d78a0c,How can an engineer verify version compatibility for You can enable the MultiCIDRServiceAllocator feature gate in Kubernetes?,compatibility,Kubernetes,intermediate,kubernetes-docs-content-en-docs-reference-command-line-tools-reference-feature-gates-disableallocatordualwrite-md,NEEDS_HUMAN_REVIEW,,
candidate-0264a6d7a41f,How can an engineer verify version compatibility for Third party ingress controllers in Kubernetes?,compatibility,Kubernetes,intermediate,kubernetes-docs-content-en-docs-concepts-services-networking-ingress-controllers-md,NEEDS_HUMAN_REVIEW,,
candidate-076aed4c8d83,How can an engineer verify version compatibility for Overview of update-imported-docs in Kubernetes?,compatibility,Kubernetes,intermediate,kubernetes-docs-content-en-docs-contribute-generate-ref-docs-quickstart-md,NEEDS_HUMAN_REVIEW,,
candidate-0858a36742d7,How can an engineer verify version compatibility for Authorization Algorithm in Kubernetes?,compatibility,Kubernetes,intermediate,kubernetes-docs-content-en-docs-reference-access-authn-authz-abac-md,NEEDS_HUMAN_REVIEW,,
candidate-0b5e601db98e,How can an engineer verify version compatibility for Enables device sharing across multiple ResourceClaims or requests in Kubernetes?,compatibility,Kubernetes,advanced,kubernetes-docs-content-en-docs-reference-command-line-tools-reference-feature-gates-draconsumablecapacity-md,NEEDS_HUMAN_REVIEW,,
candidate-0b82b8f1296f,How can an engineer verify version compatibility for What is cgroup v2? in Kubernetes?,compatibility,Kubernetes,intermediate,kubernetes-docs-content-en-docs-concepts-architecture-cgroups-md,NEEDS_HUMAN_REVIEW,,
candidate-0ca762f6184a,How can an engineer verify version compatibility for New content task flow in Kubernetes?,compatibility,Kubernetes,intermediate,kubernetes-docs-content-en-docs-contribute-new-content-index-md,NEEDS_HUMAN_REVIEW,,
candidate-0d7ceaa08993,How can an engineer verify version compatibility for Using volume populators in Kubernetes?,compatibility,Kubernetes,intermediate,kubernetes-docs-content-en-docs-concepts-storage-volume-populators-and-data-sources-md,NEEDS_HUMAN_REVIEW,,
candidate-0dfcc5c5b282,How can an engineer verify version compatibility for Enables support for DeviceBindingConditions in the DRA related fields in Kubernetes?,compatibility,Kubernetes,advanced,kubernetes-docs-content-en-docs-reference-command-line-tools-reference-feature-gates-dradevicebindingconditions-md,NEEDS_HUMAN_REVIEW,,
candidate-0e3d69c2f0ff,"How can an engineer verify version compatibility for When ExtendWebSocketsToKubelet is enabled and a kubelet node advertises support, exec/attach/portfor in Kubernetes?",compatibility,Kubernetes,advanced,kubernetes-docs-content-en-docs-reference-command-line-tools-reference-feature-gates-extend-websockets-to-kubelet-md,NEEDS_HUMAN_REVIEW,,
candidate-0eb8e21b56a2,How can an engineer verify version compatibility for Using multiple Ingress controllers in Kubernetes?,compatibility,Kubernetes,intermediate,kubernetes-docs-content-en-docs-concepts-services-networking-ingress-controllers-md,NEEDS_HUMAN_REVIEW,,
candidate-0f8964d96749,How can an engineer verify version compatibility for Writing for the Kubernetes blog(s) in Kubernetes?,compatibility,Kubernetes,intermediate,kubernetes-docs-content-en-docs-contribute-blog-submission-md,NEEDS_HUMAN_REVIEW,,
candidate-102c3a433277,How can an engineer verify version compatibility for Add support for distributed tracing in the kubelet in Kubernetes?,compatibility,Kubernetes,advanced,kubernetes-docs-content-en-docs-reference-command-line-tools-reference-feature-gates-kubelettracing-md,NEEDS_HUMAN_REVIEW,,
candidate-12659aefd929,How can an engineer verify version compatibility for Add support for distributed tracing in the API server in Kubernetes?,compatibility,Kubernetes,advanced,kubernetes-docs-content-en-docs-reference-command-line-tools-reference-feature-gates-apiservertracing-md,NEEDS_HUMAN_REVIEW,,
candidate-13247244d28a,How can an engineer verify version compatibility for Storage version to resource mapping in Kubernetes?,compatibility,Kubernetes,intermediate,kubernetes-docs-content-en-docs-concepts-overview-working-with-objects-storage-version-md,NEEDS_HUMAN_REVIEW,,
candidate-142c9daf1726,How can an engineer verify version compatibility for Enabling bin packing using MostAllocated strategy in Kubernetes?,compatibility,Kubernetes,intermediate,kubernetes-docs-content-en-docs-concepts-scheduling-eviction-resource-bin-packing-md,NEEDS_HUMAN_REVIEW,,
candidate-160ea3cd3f50,How can an engineer verify version compatibility for Data source references in Kubernetes?,compatibility,Kubernetes,intermediate,kubernetes-docs-content-en-docs-concepts-storage-volume-populators-and-data-sources-md,NEEDS_HUMAN_REVIEW,,
candidate-163a02755d6c,How can an engineer verify version compatibility for Changes using GitHub in Kubernetes?,compatibility,Kubernetes,intermediate,kubernetes-docs-content-en-docs-contribute-new-content-open-a-pr-md,NEEDS_HUMAN_REVIEW,,
candidate-015ebe36c299,How can an engineer verify version compatibility for Array Functions in PostgreSQL?,compatibility,PostgreSQL,intermediate,postgresql-docs-doc-src-sgml-func-func-array-sgml,NEEDS_HUMAN_REVIEW,,
candidate-020be6dd3ff2,How can an engineer verify version compatibility for Administration Tools in PostgreSQL?,compatibility,PostgreSQL,intermediate,postgresql-docs-doc-src-sgml-external-projects-sgml,NEEDS_HUMAN_REVIEW,,
candidate-03bb91560fd6,How can an engineer verify version compatibility for Geometric Functions and Operators in PostgreSQL?,compatibility,PostgreSQL,intermediate,postgresql-docs-doc-src-sgml-func-func-geometry-sgml,NEEDS_HUMAN_REVIEW,,
candidate-046e6dc7b557,How can an engineer verify version compatibility for Legal Notice in PostgreSQL?,compatibility,PostgreSQL,intermediate,postgresql-docs-doc-src-sgml-legal-sgml,NEEDS_HUMAN_REVIEW,,
candidate-04fa60f39e9d,How can an engineer verify version compatibility for What Is PostgreSQL? in PostgreSQL?,compatibility,PostgreSQL,intermediate,postgresql-docs-doc-src-sgml-intro-sgml,NEEDS_HUMAN_REVIEW,,
candidate-0786aed5383b,How can an engineer verify version compatibility for UUID Generation Functions in PostgreSQL?,compatibility,PostgreSQL,intermediate,postgresql-docs-doc-src-sgml-func-func-uuid-sgml,NEEDS_HUMAN_REVIEW,,
candidate-094ede351c5b,How can an engineer verify version compatibility for The Practical SQL Handbook in PostgreSQL?,compatibility,PostgreSQL,intermediate,postgresql-docs-doc-src-sgml-biblio-sgml,NEEDS_HUMAN_REVIEW,,
candidate-0a5720762db9,How can an engineer verify version compatibility for Large Objects in PostgreSQL?,compatibility,PostgreSQL,intermediate,postgresql-docs-doc-src-sgml-lobj-sgml,NEEDS_HUMAN_REVIEW,,
candidate-0d0f6c0d4d3c,How can an engineer verify version compatibility for Vacuuming Basics in PostgreSQL?,compatibility,PostgreSQL,intermediate,postgresql-docs-doc-src-sgml-maintenance-sgml,NEEDS_HUMAN_REVIEW,,
candidate-0d5de8f46725,How can an engineer verify version compatibility for Sample Uses in PostgreSQL?,compatibility,PostgreSQL,intermediate,postgresql-docs-doc-src-sgml-intagg-sgml,NEEDS_HUMAN_REVIEW,,
candidate-1165d767c694,How can an engineer verify version compatibility for Merge Support Functions in PostgreSQL?,compatibility,PostgreSQL,intermediate,postgresql-docs-doc-src-sgml-func-func-merge-support-sgml,NEEDS_HUMAN_REVIEW,,
candidate-121d6997ceed,How can an engineer verify version compatibility for Compiling and Linking Dynamically-Loaded Functions in PostgreSQL?,compatibility,PostgreSQL,intermediate,postgresql-docs-doc-src-sgml-dfunc-sgml,NEEDS_HUMAN_REVIEW,,
candidate-1242e8a37aa4,How can an engineer verify version compatibility for Getting the Source in PostgreSQL?,compatibility,PostgreSQL,intermediate,postgresql-docs-doc-src-sgml-installation-sgml,NEEDS_HUMAN_REVIEW,,
candidate-00f59933fc45,How should an engineer configure Self-registration of Nodes safely in Kubernetes?,configuration,Kubernetes,intermediate,kubernetes-docs-content-en-docs-concepts-architecture-nodes-md,NEEDS_HUMAN_REVIEW,,
candidate-0215982f3446,How should an engineer configure CSI driver restrictions safely in Kubernetes?,configuration,Kubernetes,intermediate,kubernetes-docs-content-en-docs-concepts-storage-ephemeral-volumes-md,NEEDS_HUMAN_REVIEW,,
candidate-03471d24bd41,How should an engineer configure How Service ClusterIPs are allocated? safely in Kubernetes?,configuration,Kubernetes,intermediate,kubernetes-docs-content-en-docs-concepts-services-networking-cluster-ip-allocation-md,NEEDS_HUMAN_REVIEW,,
candidate-037c7fa27897,How should an engineer configure Bootstrap Tokens Overview safely in Kubernetes?,configuration,Kubernetes,intermediate,kubernetes-docs-content-en-docs-reference-access-authn-authz-bootstrap-tokens-md,NEEDS_HUMAN_REVIEW,,
candidate-0395e8117373,How should an engineer configure Protection for Secret data on nodes safely in Kubernetes?,configuration,Kubernetes,intermediate,kubernetes-docs-content-en-docs-concepts-security-linux-security-md,NEEDS_HUMAN_REVIEW,,
candidate-04792b084ab4,How should an engineer configure Enable the setting of PodReadinessGate field for extending Pod readiness evaluation safely in Kubernetes?,configuration,Kubernetes,advanced,kubernetes-docs-content-en-docs-reference-command-line-tools-reference-feature-gates-podreadinessgates-md,NEEDS_HUMAN_REVIEW,,
candidate-04b30cd454d0,How should an engineer configure Securing a cluster safely in Kubernetes?,configuration,Kubernetes,intermediate,kubernetes-docs-content-en-docs-concepts-cluster-administration-index-md,NEEDS_HUMAN_REVIEW,,
candidate-0504359d86c2,How should an engineer configure Container networking on Windows safely in Kubernetes?,configuration,Kubernetes,intermediate,kubernetes-docs-content-en-docs-concepts-services-networking-windows-networking-md,NEEDS_HUMAN_REVIEW,,
candidate-064c6bed94b5,How should an engineer configure Getting the docs repository safely in Kubernetes?,configuration,Kubernetes,intermediate,kubernetes-docs-content-en-docs-contribute-generate-ref-docs-quickstart-md,NEEDS_HUMAN_REVIEW,,
candidate-08b11791a907,How should an engineer configure PodSecurityPolicy Spec safely in Kubernetes?,configuration,Kubernetes,intermediate,kubernetes-docs-content-en-docs-reference-access-authn-authz-psp-to-pod-security-standards-md,NEEDS_HUMAN_REVIEW,,
candidate-08fe8a1673f5,How should an engineer configure The VolumeAttributesClass API safely in Kubernetes?,configuration,Kubernetes,intermediate,kubernetes-docs-content-en-docs-concepts-storage-volume-attributes-classes-md,NEEDS_HUMAN_REVIEW,,
candidate-097c23afa615,How should an engineer configure Relax the server side validation for the DNS search string (.spec.dnsConfig.searches) for containers safely in Kubernetes?,configuration,Kubernetes,advanced,kubernetes-docs-content-en-docs-reference-command-line-tools-reference-feature-gates-relaxeddnssearchvalidation-md,NEEDS_HUMAN_REVIEW,,
candidate-09fc9742a6a5,How should an engineer configure Enables support for the Extended Resource allocation by DRA feature safely in Kubernetes?,configuration,Kubernetes,advanced,kubernetes-docs-content-en-docs-reference-command-line-tools-reference-feature-gates-draextendedresource-md,NEEDS_HUMAN_REVIEW,,
candidate-0a46f79e1ed5,How should an engineer configure Core Components safely in Kubernetes?,configuration,Kubernetes,intermediate,kubernetes-docs-content-en-docs-concepts-overview-components-md,NEEDS_HUMAN_REVIEW,,
candidate-0a7a460cea07,How should an engineer configure Network Plugin Requirements safely in Kubernetes?,configuration,Kubernetes,intermediate,kubernetes-docs-content-en-docs-concepts-extend-kubernetes-compute-storage-net-network-plugins-md,NEEDS_HUMAN_REVIEW,,
candidate-0a8bb203b343,How should an engineer configure Planning a cluster safely in Kubernetes?,configuration,Kubernetes,intermediate,kubernetes-docs-content-en-docs-concepts-cluster-administration-index-md,NEEDS_HUMAN_REVIEW,,
candidate-0b8d200b904a,How should an engineer configure Why use manifest-based admission control? safely in Kubernetes?,configuration,Kubernetes,intermediate,kubernetes-docs-content-en-docs-reference-access-authn-authz-manifest-admission-control-md,NEEDS_HUMAN_REVIEW,,
candidate-0c2793e9e854,How should an engineer configure Container runtimes safely in Kubernetes?,configuration,Kubernetes,intermediate,kubernetes-docs-content-en-docs-concepts-containers-index-md,NEEDS_HUMAN_REVIEW,,
candidate-0d08caee33fe,How should an engineer configure Enable AppArmor related security context settings safely in Kubernetes?,configuration,Kubernetes,intermediate,kubernetes-docs-content-en-docs-reference-command-line-tools-reference-feature-gates-apparmorfields-md,NEEDS_HUMAN_REVIEW,,
candidate-0f663c8a322c,How should an engineer configure Scheduling framework: TAS plugins configuration safely in Kubernetes?,configuration,Kubernetes,intermediate,kubernetes-docs-content-en-docs-concepts-scheduling-eviction-topology-aware-scheduling-md,NEEDS_HUMAN_REVIEW,,
candidate-106a7581f7eb,How should an engineer configure Cluster networking types safely in Kubernetes?,configuration,Kubernetes,intermediate,kubernetes-docs-content-en-docs-concepts-cluster-administration-networking-md,NEEDS_HUMAN_REVIEW,,
candidate-1209e6439c7d,How should an engineer configure Allow the use of the timeZone optional field in CronJobs safely in Kubernetes?,configuration,Kubernetes,advanced,kubernetes-docs-content-en-docs-reference-command-line-tools-reference-feature-gates-cronjobtimezone-md,NEEDS_HUMAN_REVIEW,,
candidate-12b6ca6440af,How should an engineer configure Documentation formatting standards safely in Kubernetes?,configuration,Kubernetes,intermediate,kubernetes-docs-content-en-docs-contribute-style-style-guide-md,NEEDS_HUMAN_REVIEW,,
candidate-01688bfb0e9e,How should an engineer configure Foreign Data Wrapper Callback Routines safely in PostgreSQL?,configuration,PostgreSQL,intermediate,postgresql-docs-doc-src-sgml-fdwhandler-sgml,NEEDS_HUMAN_REVIEW,,
candidate-024aea55a59c,How should an engineer configure BRIN Indexes safely in PostgreSQL?,configuration,PostgreSQL,intermediate,postgresql-docs-doc-src-sgml-brin-sgml,NEEDS_HUMAN_REVIEW,,
candidate-04b8a9cb6182,How should an engineer configure postgresfdw &mdash safely in PostgreSQL?,configuration,PostgreSQL,intermediate,postgresql-docs-doc-src-sgml-postgres-fdw-sgml,NEEDS_HUMAN_REVIEW,,
candidate-0941024d3662,How should an engineer configure Sequence Manipulation Functions safely in PostgreSQL?,configuration,PostgreSQL,intermediate,postgresql-docs-doc-src-sgml-func-func-sequence-sgml,NEEDS_HUMAN_REVIEW,,
candidate-0a2598038cdb,How should an engineer configure Behavior of B-Tree Operator Classes safely in PostgreSQL?,configuration,PostgreSQL,intermediate,postgresql-docs-doc-src-sgml-btree-sgml,NEEDS_HUMAN_REVIEW,,
candidate-0a9b666c9b5a,How should an engineer configure insertusername &mdash; Functions for Tracking Who Changed a Table safely in PostgreSQL?,configuration,PostgreSQL,advanced,postgresql-docs-doc-src-sgml-contrib-spi-sgml,NEEDS_HUMAN_REVIEW,,
candidate-0cdde94714ce,How should an engineer configure filefdw &mdash; access data files in the server's file system safely in PostgreSQL?,configuration,PostgreSQL,advanced,postgresql-docs-doc-src-sgml-file-fdw-sgml,NEEDS_HUMAN_REVIEW,,
candidate-1206e0d0d5d0,How should an engineer configure pgprewarm &mdash; preload relation data into buffer caches safely in PostgreSQL?,configuration,PostgreSQL,advanced,postgresql-docs-doc-src-sgml-pgprewarm-sgml,NEEDS_HUMAN_REVIEW,,
candidate-0053b16013e1,How should an administrator operate Profile Details safely in Kubernetes?,database administration,Kubernetes,intermediate,kubernetes-docs-content-en-docs-concepts-security-pod-security-standards-md,NEEDS_HUMAN_REVIEW,,
candidate-0983bf919147,How should an administrator operate This causes kubelet to no longer create legacy iptables rules safely in Kubernetes?,database administration,Kubernetes,advanced,kubernetes-docs-content-en-docs-reference-command-line-tools-reference-feature-gates-iptablesownershipcleanup-md,NEEDS_HUMAN_REVIEW,,
candidate-0cba1a7c0f55,How should an administrator operate Why we mirror safely in Kubernetes?,database administration,Kubernetes,intermediate,kubernetes-docs-content-en-docs-contribute-blog-mirroring-md,NEEDS_HUMAN_REVIEW,,
candidate-0d96c1354f56,How should an administrator operate List of supported fields safely in Kubernetes?,database administration,Kubernetes,intermediate,kubernetes-docs-content-en-docs-concepts-overview-working-with-objects-field-selectors-md,NEEDS_HUMAN_REVIEW,,
candidate-0e4360b7d7e3,How should an administrator operate Serve as a New Contributor Ambassador safely in Kubernetes?,database administration,Kubernetes,intermediate,kubernetes-docs-content-en-docs-contribute-advanced-md,NEEDS_HUMAN_REVIEW,,
candidate-01c02fb10ab0,How should an administrator operate Built-in Range and Multirange Types safely in PostgreSQL?,database administration,PostgreSQL,intermediate,postgresql-docs-doc-src-sgml-rangetypes-sgml,NEEDS_HUMAN_REVIEW,,
candidate-02223da2174d,How should an administrator operate The SQL Language safely in PostgreSQL?,database administration,PostgreSQL,intermediate,postgresql-docs-doc-src-sgml-postgres-sgml,NEEDS_HUMAN_REVIEW,,
candidate-02628b19f877,How should an administrator operate Data Definition safely in PostgreSQL?,database administration,PostgreSQL,intermediate,postgresql-docs-doc-src-sgml-ddl-sgml,NEEDS_HUMAN_REVIEW,,
candidate-02a19fb3e313,How should an administrator operate Session Information Functions safely in PostgreSQL?,database administration,PostgreSQL,intermediate,postgresql-docs-doc-src-sgml-func-func-info-sgml,NEEDS_HUMAN_REVIEW,,
candidate-048a8fab0f0c,How should an administrator operate citext &mdash; a case-insensitive character string type safely in PostgreSQL?,database administration,PostgreSQL,intermediate,postgresql-docs-doc-src-sgml-citext-sgml,NEEDS_HUMAN_REVIEW,,
candidate-0515676d4ccd,How should an administrator operate Updating Data safely in PostgreSQL?,database administration,PostgreSQL,intermediate,postgresql-docs-doc-src-sgml-dml-sgml,NEEDS_HUMAN_REVIEW,,
candidate-059a028b61b5,How should an administrator operate Per-Command Policies safely in PostgreSQL?,database administration,PostgreSQL,intermediate,postgresql-docs-doc-src-sgml-ref-create-policy-sgml,NEEDS_HUMAN_REVIEW,,
candidate-05d3a6525b23,How should an administrator operate OAuth Validator Modules safely in PostgreSQL?,database administration,PostgreSQL,intermediate,postgresql-docs-doc-src-sgml-oauth-validators-sgml,NEEDS_HUMAN_REVIEW,,
candidate-09ddeb1c42af,How should an administrator operate External Projects safely in PostgreSQL?,database administration,PostgreSQL,intermediate,postgresql-docs-doc-src-sgml-external-projects-sgml,NEEDS_HUMAN_REVIEW,,
candidate-0a2030a54efd,How should an administrator operate libpq &mdash; C Library safely in PostgreSQL?,database administration,PostgreSQL,intermediate,postgresql-docs-doc-src-sgml-libpq-sgml,NEEDS_HUMAN_REVIEW,,
candidate-0a328dbaf55d,How should an administrator operate intarray Functions safely in PostgreSQL?,database administration,PostgreSQL,intermediate,postgresql-docs-doc-src-sgml-intarray-sgml,NEEDS_HUMAN_REVIEW,,
candidate-0ab2fc365cc9,How should an administrator operate Bug Reporting Guidelines safely in PostgreSQL?,database administration,PostgreSQL,intermediate,postgresql-docs-doc-src-sgml-problems-sgml,NEEDS_HUMAN_REVIEW,,
candidate-0c0b3889494b,How should an administrator operate pgtrgm &mdash safely in PostgreSQL?,database administration,PostgreSQL,intermediate,postgresql-docs-doc-src-sgml-pgtrgm-sgml,NEEDS_HUMAN_REVIEW,,
candidate-0ea13ad5137d,How should an administrator operate Using EXPLAIN safely in PostgreSQL?,database administration,PostgreSQL,intermediate,postgresql-docs-doc-src-sgml-perform-sgml,NEEDS_HUMAN_REVIEW,,
candidate-0f064c7c7e01,How should an administrator operate Other String Functions and Operators safely in PostgreSQL?,database administration,PostgreSQL,intermediate,postgresql-docs-doc-src-sgml-func-func-string-sgml,NEEDS_HUMAN_REVIEW,,
candidate-0f90c8a09cc1,How should an administrator operate PL/Tcl &mdash; Tcl Procedural Language safely in PostgreSQL?,database administration,PostgreSQL,intermediate,postgresql-docs-doc-src-sgml-pltcl-sgml,NEEDS_HUMAN_REVIEW,,
candidate-107bd7d2d18e,How should an administrator operate PostgreSQL &version; Documentation safely in PostgreSQL?,database administration,PostgreSQL,intermediate,postgresql-docs-doc-src-sgml-postgres-sgml,NEEDS_HUMAN_REVIEW,,
candidate-1092bff1a7c1,How should an administrator operate Declaration of Array Types safely in PostgreSQL?,database administration,PostgreSQL,intermediate,postgresql-docs-doc-src-sgml-array-sgml,NEEDS_HUMAN_REVIEW,,
candidate-10ab38098305,How should an administrator operate System Catalog Initial Data safely in PostgreSQL?,database administration,PostgreSQL,intermediate,postgresql-docs-doc-src-sgml-bki-sgml,NEEDS_HUMAN_REVIEW,,
candidate-111e8f0f1f14,How should an administrator operate Capturing Changes at Command End safely in PostgreSQL?,database administration,PostgreSQL,intermediate,postgresql-docs-doc-src-sgml-func-func-event-triggers-sgml,NEEDS_HUMAN_REVIEW,,
candidate-112cc6b8cafe,How should an administrator operate Data Manipulation safely in PostgreSQL?,database administration,PostgreSQL,intermediate,postgresql-docs-doc-src-sgml-dml-sgml,NEEDS_HUMAN_REVIEW,,
candidate-114f607e9a08,How should an administrator operate Standard Unix Tools safely in PostgreSQL?,database administration,PostgreSQL,intermediate,postgresql-docs-doc-src-sgml-monitoring-sgml,NEEDS_HUMAN_REVIEW,,
candidate-11832da3f4c6,How should an administrator operate Routine Vacuuming safely in PostgreSQL?,database administration,PostgreSQL,intermediate,postgresql-docs-doc-src-sgml-maintenance-sgml,NEEDS_HUMAN_REVIEW,,
candidate-11aa6a19f8eb,How should an administrator operate Index Access Method Functions safely in PostgreSQL?,database administration,PostgreSQL,intermediate,postgresql-docs-doc-src-sgml-indexam-sgml,NEEDS_HUMAN_REVIEW,,
candidate-12139ba21624,How should an administrator operate Sample Output safely in PostgreSQL?,database administration,PostgreSQL,intermediate,postgresql-docs-doc-src-sgml-pgfreespacemap-sgml,NEEDS_HUMAN_REVIEW,,
candidate-1572c5baf198,How should an administrator operate Text Search Functions and Operators safely in PostgreSQL?,database administration,PostgreSQL,intermediate,postgresql-docs-doc-src-sgml-func-func-textsearch-sgml,NEEDS_HUMAN_REVIEW,,
candidate-00feb10ae420,How should an engineer troubleshoot Enable clearing .status.nominatedNodeName whenever Pods are bound to nodes when it does not behave as expected?,debugging,Kubernetes,advanced,kubernetes-docs-content-en-docs-reference-command-line-tools-reference-feature-gates-clearingnominatednodenameafterbinding-md,NEEDS_HUMAN_REVIEW,,
candidate-028b177bb30c,How should an engineer troubleshoot Why you should use diagrams in documentation when it does not behave as expected?,debugging,Kubernetes,intermediate,kubernetes-docs-content-en-docs-contribute-style-diagram-guide-md,NEEDS_HUMAN_REVIEW,,
candidate-052efcd87056,How should an engineer troubleshoot Volume health monitoring when it does not behave as expected?,debugging,Kubernetes,intermediate,kubernetes-docs-content-en-docs-concepts-storage-volume-health-monitoring-md,NEEDS_HUMAN_REVIEW,,
candidate-0572c1cdffd2,How should an engineer troubleshoot Enables .status.ingress.loadBalancer to be set on Services of types other than LoadBalancer when it does not behave as expected?,debugging,Kubernetes,advanced,kubernetes-docs-content-en-docs-reference-command-line-tools-reference-feature-gates-allowservicelbstatusonnonlb-md,NEEDS_HUMAN_REVIEW,,
candidate-07348693d4e7,How should an engineer troubleshoot Enables the DaemonSet workloads to maintain availability during update per node when it does not behave as expected?,debugging,Kubernetes,advanced,kubernetes-docs-content-en-docs-reference-command-line-tools-reference-feature-gates-daemonsetupdatesurge-md,NEEDS_HUMAN_REVIEW,,
candidate-07a43fd4722d,How should an engineer troubleshoot Enable kubelet to send the service account token bound to the pod for which the image is being pulle when it does not behave as expected?,debugging,Kubernetes,advanced,kubernetes-docs-content-en-docs-reference-command-line-tools-reference-feature-gates-kubeletserviceaccounttokenforcredentialproviders-md,NEEDS_HUMAN_REVIEW,,
candidate-089a482f097a,How should an engineer troubleshoot Improves scheduling queue behavior by popping pods from the backoffQ when the activeQ is empty when it does not behave as expected?,debugging,Kubernetes,advanced,kubernetes-docs-content-en-docs-reference-command-line-tools-reference-feature-gates-schedulerpopfrombackoffq-md,NEEDS_HUMAN_REVIEW,,
candidate-08fdf7171dc3,How should an engineer troubleshoot This is another example content file inside the includes leaf bundle when it does not behave as expected?,debugging,Kubernetes,advanced,kubernetes-docs-content-en-docs-contribute-style-hugo-shortcodes-example2-md,NEEDS_HUMAN_REVIEW,,
candidate-0b35a13a0b12,How should an engineer troubleshoot Enable preemptionPolicy field for PriorityClass and Pod when it does not behave as expected?,debugging,Kubernetes,intermediate,kubernetes-docs-content-en-docs-reference-command-line-tools-reference-feature-gates-nonpreemptingpriority-md,NEEDS_HUMAN_REVIEW,,
candidate-10a30a35dff6,How should an engineer troubleshoot Enable the PodOverhead feature to account for pod overheads when it does not behave as expected?,debugging,Kubernetes,advanced,kubernetes-docs-content-en-docs-reference-command-line-tools-reference-feature-gates-podoverhead-md,NEEDS_HUMAN_REVIEW,,
candidate-1407ca9dc2c8,How should an engineer troubleshoot Enable the five second timeout on aggregated discovery calls when it does not behave as expected?,debugging,Kubernetes,advanced,kubernetes-docs-content-en-docs-reference-command-line-tools-reference-feature-gates-enableaggregateddiscoverytimeout-md,NEEDS_HUMAN_REVIEW,,
candidate-156181c88444,How should an engineer troubleshoot This is an example content file inside the includes leaf bundle when it does not behave as expected?,debugging,Kubernetes,advanced,kubernetes-docs-content-en-docs-contribute-style-hugo-shortcodes-example1-md,NEEDS_HUMAN_REVIEW,,
candidate-1b2b18977961,How should an engineer troubleshoot Allow update to the .spec.nodeAffinity field of a PersistentVolume when it does not behave as expected?,debugging,Kubernetes,advanced,kubernetes-docs-content-en-docs-reference-command-line-tools-reference-feature-gates-mutablepvnodeaffinity-md,NEEDS_HUMAN_REVIEW,,
candidate-1c2cc7a19ebe,How should an engineer troubleshoot Uses for ephemeral containers when it does not behave as expected?,debugging,Kubernetes,intermediate,kubernetes-docs-content-en-docs-concepts-workloads-pods-ephemeral-containers-md,NEEDS_HUMAN_REVIEW,,
candidate-1e018cb57067,How should an engineer troubleshoot Framework workflow when it does not behave as expected?,debugging,Kubernetes,intermediate,kubernetes-docs-content-en-docs-concepts-scheduling-eviction-scheduling-framework-md,NEEDS_HUMAN_REVIEW,,
candidate-2012475a2af0,How should an engineer troubleshoot Network Plugin Requirements when it does not behave as expected?,debugging,Kubernetes,intermediate,kubernetes-docs-content-en-docs-concepts-extend-kubernetes-compute-storage-net-network-plugins-md,NEEDS_HUMAN_REVIEW,,
candidate-20866125d054,How should an engineer troubleshoot Enable the expanding of CSI volumes when it does not behave as expected?,debugging,Kubernetes,intermediate,kubernetes-docs-content-en-docs-reference-command-line-tools-reference-feature-gates-expandcsivolumes-md,NEEDS_HUMAN_REVIEW,,
candidate-02a0d25c15ba,How should an engineer troubleshoot Configuring the Colors when it does not behave as expected?,debugging,PostgreSQL,intermediate,postgresql-docs-doc-src-sgml-color-sgml,NEEDS_HUMAN_REVIEW,,
candidate-0395639d71a7,How should an engineer troubleshoot Sequence Manipulation Functions when it does not behave as expected?,debugging,PostgreSQL,intermediate,postgresql-docs-doc-src-sgml-func-func-sequence-sgml,NEEDS_HUMAN_REVIEW,,
candidate-052aae5689a8,How should an engineer troubleshoot pgsurgery &mdash; perform low-level surgery on relation data when it does not behave as expected?,debugging,PostgreSQL,advanced,postgresql-docs-doc-src-sgml-pgsurgery-sgml,NEEDS_HUMAN_REVIEW,,
candidate-057519b32b33,How should an engineer troubleshoot Updating Data when it does not behave as expected?,debugging,PostgreSQL,intermediate,postgresql-docs-doc-src-sgml-dml-sgml,NEEDS_HUMAN_REVIEW,,
candidate-05c7667dfeb9,How should an engineer troubleshoot UUID Functions when it does not behave as expected?,debugging,PostgreSQL,intermediate,postgresql-docs-doc-src-sgml-func-func-uuid-sgml,NEEDS_HUMAN_REVIEW,,
candidate-087a07bfabbd,How should an engineer troubleshoot Initialization Functions when it does not behave as expected?,debugging,PostgreSQL,intermediate,postgresql-docs-doc-src-sgml-archive-modules-sgml,NEEDS_HUMAN_REVIEW,,
candidate-0887be3dd0d6,How should an engineer troubleshoot Multivariate Statistics Examples when it does not behave as expected?,debugging,PostgreSQL,intermediate,postgresql-docs-doc-src-sgml-planstats-sgml,NEEDS_HUMAN_REVIEW,,
candidate-09fb24071986,How should an engineer troubleshoot Mathematical Functions and Operators when it does not behave as expected?,debugging,PostgreSQL,intermediate,postgresql-docs-doc-src-sgml-func-func-math-sgml,NEEDS_HUMAN_REVIEW,,
candidate-0f7d2c3bf19f,How should an engineer troubleshoot How to Use It when it does not behave as expected?,debugging,PostgreSQL,intermediate,postgresql-docs-doc-src-sgml-lo-sgml,NEEDS_HUMAN_REVIEW,,
candidate-10c685d45322,How should an engineer troubleshoot Data Definition when it does not behave as expected?,debugging,PostgreSQL,intermediate,postgresql-docs-doc-src-sgml-ddl-sgml,NEEDS_HUMAN_REVIEW,,
candidate-1175a397bf27,How should an engineer troubleshoot pgtrgm &mdash when it does not behave as expected?,debugging,PostgreSQL,intermediate,postgresql-docs-doc-src-sgml-pgtrgm-sgml,NEEDS_HUMAN_REVIEW,,
candidate-193b05e36122,How should an engineer troubleshoot Row and Array Comparisons when it does not behave as expected?,debugging,PostgreSQL,intermediate,postgresql-docs-doc-src-sgml-func-func-comparisons-sgml,NEEDS_HUMAN_REVIEW,,
candidate-27592bc2198b,How should an engineer troubleshoot Heap Functions when it does not behave as expected?,debugging,PostgreSQL,intermediate,postgresql-docs-doc-src-sgml-pageinspect-sgml,NEEDS_HUMAN_REVIEW,,
candidate-27c1e4de270b,How should an engineer troubleshoot Configuration Parameters when it does not behave as expected?,debugging,PostgreSQL,intermediate,postgresql-docs-doc-src-sgml-auth-delay-sgml,NEEDS_HUMAN_REVIEW,,
candidate-00712e826414,What deployment steps and checks are recommended for Schedule syntax in Kubernetes?,deployment,Kubernetes,intermediate,kubernetes-docs-content-en-docs-concepts-workloads-controllers-cron-jobs-md,NEEDS_HUMAN_REVIEW,,
candidate-013d2a774351,What deployment steps and checks are recommended for Use cases in Kubernetes?,deployment,Kubernetes,intermediate,kubernetes-docs-content-en-docs-concepts-security-multi-tenancy-md,NEEDS_HUMAN_REVIEW,,
candidate-0160064d2740,What deployment steps and checks are recommended for Sidecar containers in Kubernetes in Kubernetes?,deployment,Kubernetes,intermediate,kubernetes-docs-content-en-docs-concepts-workloads-pods-sidecar-containers-md,NEEDS_HUMAN_REVIEW,,
candidate-01b5e3e26a13,What deployment steps and checks are recommended for Service Discovery in Kubernetes?,deployment,Kubernetes,intermediate,kubernetes-docs-content-en-docs-concepts-cluster-administration-addons-md,NEEDS_HUMAN_REVIEW,,
candidate-02cf82a12e9a,"What deployment steps and checks are recommended for Enables relaxed validation for Service object names, allowing the use of RFC 1123 label names instea in Kubernetes?",deployment,Kubernetes,advanced,kubernetes-docs-content-en-docs-reference-command-line-tools-reference-feature-gates-relaxedservicenamevalidation-md,NEEDS_HUMAN_REVIEW,,
candidate-034ceda2e694,What deployment steps and checks are recommended for Enable the kubelet to mark the PodReadyToStartContainers condition on pods in Kubernetes?,deployment,Kubernetes,advanced,kubernetes-docs-content-en-docs-reference-command-line-tools-reference-feature-gates-podreadytostartcontainerscondition-md,NEEDS_HUMAN_REVIEW,,
candidate-03c9948c06d0,What deployment steps and checks are recommended for Organizing resource configurations in Kubernetes?,deployment,Kubernetes,intermediate,kubernetes-docs-content-en-docs-concepts-workloads-management-md,NEEDS_HUMAN_REVIEW,,
candidate-04ff3fc670b1,What deployment steps and checks are recommended for The split image filesystem feature enables kubelet to perform garbage collection of images (read-onl in Kubernetes?,deployment,Kubernetes,advanced,kubernetes-docs-content-en-docs-reference-command-line-tools-reference-feature-gates-kubeletseparatediskgc-md,NEEDS_HUMAN_REVIEW,,
candidate-0624b967df26,What deployment steps and checks are recommended for Enables improved discovery of mounted volumes during kubelet startup in Kubernetes?,deployment,Kubernetes,advanced,kubernetes-docs-content-en-docs-reference-command-line-tools-reference-feature-gates-newvolumemanagerreconstruction-md,NEEDS_HUMAN_REVIEW,,
candidate-06b80115a2c6,What deployment steps and checks are recommended for How to enable Feature Gates in Kubernetes?,deployment,Kubernetes,intermediate,kubernetes-docs-content-en-docs-reference-command-line-tools-reference-feature-gates-index-md,NEEDS_HUMAN_REVIEW,,
candidate-0a05a0510345,What deployment steps and checks are recommended for Updating images in Kubernetes?,deployment,Kubernetes,intermediate,kubernetes-docs-content-en-docs-concepts-containers-images-md,NEEDS_HUMAN_REVIEW,,
candidate-0a6ac111ad51,What deployment steps and checks are recommended for For documentation contributors in Kubernetes?,deployment,Kubernetes,intermediate,kubernetes-docs-content-en-docs-contribute-new-content-new-features-md,NEEDS_HUMAN_REVIEW,,
candidate-0aaf327389ed,What deployment steps and checks are recommended for Enables shims and translation logic to route volume operations from the RBD in-tree plugin to Ceph R in Kubernetes?,deployment,Kubernetes,advanced,kubernetes-docs-content-en-docs-reference-command-line-tools-reference-feature-gates-csimigrationrbd-md,NEEDS_HUMAN_REVIEW,,
candidate-10dfa99a5253,What deployment steps and checks are recommended for Startup probe in Kubernetes?,deployment,Kubernetes,intermediate,kubernetes-docs-content-en-docs-concepts-workloads-pods-probes-md,NEEDS_HUMAN_REVIEW,,
candidate-11da738e0f33,What deployment steps and checks are recommended for Graceful node shutdown in Kubernetes?,deployment,Kubernetes,intermediate,kubernetes-docs-content-en-docs-concepts-cluster-administration-node-shutdown-md,NEEDS_HUMAN_REVIEW,,
candidate-133a4040ea1c,What deployment steps and checks are recommended for Lifecycle Pod conditions in Kubernetes?,deployment,Kubernetes,intermediate,kubernetes-docs-content-en-docs-concepts-workloads-pods-pod-condition-md,NEEDS_HUMAN_REVIEW,,
candidate-139c27a37912,What deployment steps and checks are recommended for Kubernetes provides several built-in APIs for declarative management of your and the components of t in Kubernetes?,deployment,Kubernetes,advanced,kubernetes-docs-content-en-docs-concepts-workloads-controllers-index-md,NEEDS_HUMAN_REVIEW,,
candidate-14ad27be844b,What deployment steps and checks are recommended for Before you begin in Kubernetes?,deployment,Kubernetes,intermediate,kubernetes-docs-content-en-docs-contribute-new-content-index-md,NEEDS_HUMAN_REVIEW,,
candidate-14afb967c837,What deployment steps and checks are recommended for Setting the threshold in Kubernetes?,deployment,Kubernetes,intermediate,kubernetes-docs-content-en-docs-concepts-scheduling-eviction-scheduler-perf-tuning-md,NEEDS_HUMAN_REVIEW,,
candidate-03e279c25ca0,What deployment steps and checks are recommended for Multivariate Statistics Examples in PostgreSQL?,deployment,PostgreSQL,intermediate,postgresql-docs-doc-src-sgml-planstats-sgml,NEEDS_HUMAN_REVIEW,,
candidate-057a0cd70270,What deployment steps and checks are recommended for Operators and Functions in PostgreSQL?,deployment,PostgreSQL,intermediate,postgresql-docs-doc-src-sgml-ltree-sgml,NEEDS_HUMAN_REVIEW,,
candidate-0780366059c9,What deployment steps and checks are recommended for Frontend/Backend Protocol in PostgreSQL?,deployment,PostgreSQL,intermediate,postgresql-docs-doc-src-sgml-protocol-sgml,NEEDS_HUMAN_REVIEW,,
candidate-08d32e044db7,What deployment steps and checks are recommended for Overview of Event Trigger Behavior in PostgreSQL?,deployment,PostgreSQL,intermediate,postgresql-docs-doc-src-sgml-event-trigger-sgml,NEEDS_HUMAN_REVIEW,,
candidate-0a3ee62c7302,What deployment steps and checks are recommended for Background Worker Processes in PostgreSQL?,deployment,PostgreSQL,intermediate,postgresql-docs-doc-src-sgml-bgworker-sgml,NEEDS_HUMAN_REVIEW,,
candidate-0a52f22bad13,What deployment steps and checks are recommended for PL/Perl &mdash; Perl Procedural Language in PostgreSQL?,deployment,PostgreSQL,intermediate,postgresql-docs-doc-src-sgml-plperl-sgml,NEEDS_HUMAN_REVIEW,,
candidate-0b3c2487eff6,What deployment steps and checks are recommended for Additional Supplied Modules and Extensions in PostgreSQL?,deployment,PostgreSQL,intermediate,postgresql-docs-doc-src-sgml-contrib-sgml,NEEDS_HUMAN_REVIEW,,
candidate-0df3f903d686,What deployment steps and checks are recommended for The SQL Language in PostgreSQL?,deployment,PostgreSQL,intermediate,postgresql-docs-doc-src-sgml-postgres-sgml,NEEDS_HUMAN_REVIEW,,
candidate-0f753d812261,What deployment steps and checks are recommended for Array Value Input in PostgreSQL?,deployment,PostgreSQL,intermediate,postgresql-docs-doc-src-sgml-array-sgml,NEEDS_HUMAN_REVIEW,,
candidate-1005d4f22acc,What deployment steps and checks are recommended for Generic WAL Records in PostgreSQL?,deployment,PostgreSQL,intermediate,postgresql-docs-doc-src-sgml-generic-wal-sgml,NEEDS_HUMAN_REVIEW,,
candidate-126e55313211,What deployment steps and checks are recommended for Getting the Source in PostgreSQL?,deployment,PostgreSQL,intermediate,postgresql-docs-doc-src-sgml-installation-sgml,NEEDS_HUMAN_REVIEW,,
candidate-133f72e6ad2e,What deployment steps and checks are recommended for basicarchive &mdash; an example WAL archive module in PostgreSQL?,deployment,PostgreSQL,intermediate,postgresql-docs-doc-src-sgml-basic-archive-sgml,NEEDS_HUMAN_REVIEW,,
candidate-04a1aa283f26,How should an engineer recover from a failure involving Enables a new status field .status.terminatingReplicas in Deployments and ReplicaSets to allow track in Kubernetes?,failure recovery,Kubernetes,advanced,kubernetes-docs-content-en-docs-reference-command-line-tools-reference-feature-gates-deploymentreplicasetterminatingreplicas-md,NEEDS_HUMAN_REVIEW,,
candidate-11456ce1e274,"How should an engineer recover from a failure involving {{% heading ""whatsnext"" %}} in Kubernetes?",failure recovery,Kubernetes,intermediate,kubernetes-docs-content-en-docs-concepts-architecture-self-healing-md,NEEDS_HUMAN_REVIEW,,
candidate-15822f93c347,How should an engineer recover from a failure involving Voluntary and involuntary disruptions in Kubernetes?,failure recovery,Kubernetes,intermediate,kubernetes-docs-content-en-docs-concepts-workloads-pods-disruptions-md,NEEDS_HUMAN_REVIEW,,
candidate-26c78218ebd6,How should an engineer recover from a failure involving Writing a ReplicationController Manifest in Kubernetes?,failure recovery,Kubernetes,intermediate,kubernetes-docs-content-en-docs-concepts-workloads-controllers-replicationcontroller-md,NEEDS_HUMAN_REVIEW,,
candidate-53f81507c1e0,"How should an engineer recover from a failure involving When a Node is marked out-of-service using the node.kubernetes.io/out-of-service taint, Pods on the  in Kubernetes?",failure recovery,Kubernetes,advanced,kubernetes-docs-content-en-docs-reference-command-line-tools-reference-feature-gates-nodeoutofservicevolumedetach-md,NEEDS_HUMAN_REVIEW,,
candidate-5de467563a30,How should an engineer recover from a failure involving Creating a Deployment in Kubernetes?,failure recovery,Kubernetes,intermediate,kubernetes-docs-content-en-docs-concepts-workloads-controllers-deployment-md,NEEDS_HUMAN_REVIEW,,
candidate-6816dd72a86a,How should an engineer recover from a failure involving When to use a ReplicaSet in Kubernetes?,failure recovery,Kubernetes,intermediate,kubernetes-docs-content-en-docs-concepts-workloads-controllers-replicaset-md,NEEDS_HUMAN_REVIEW,,
candidate-90c90cc60959,How should an engineer recover from a failure involving Pod lifetime in Kubernetes?,failure recovery,Kubernetes,intermediate,kubernetes-docs-content-en-docs-concepts-workloads-pods-pod-lifecycle-md,NEEDS_HUMAN_REVIEW,,
candidate-9c1536486712,How should an engineer recover from a failure involving Enable the Pod Deletion Cost feature which allows users to influence ReplicaSet downscaling order in Kubernetes?,failure recovery,Kubernetes,advanced,kubernetes-docs-content-en-docs-reference-command-line-tools-reference-feature-gates-poddeletioncost-md,NEEDS_HUMAN_REVIEW,,
candidate-a208fd0e7054,How should an engineer recover from a failure involving Use Case in Kubernetes?,failure recovery,Kubernetes,intermediate,kubernetes-docs-content-en-docs-concepts-workloads-controllers-deployment-md,NEEDS_HUMAN_REVIEW,,
candidate-a6532195bd80,How should an engineer recover from a failure involving Enables resilient watchcache initialization to avoid controlplane overload in Kubernetes?,failure recovery,Kubernetes,advanced,kubernetes-docs-content-en-docs-reference-command-line-tools-reference-feature-gates-resilientwatchcacheinitialization-md,NEEDS_HUMAN_REVIEW,,
candidate-b171272f044c,How should an engineer recover from a failure involving Pod-template-hash label in Kubernetes?,failure recovery,Kubernetes,intermediate,kubernetes-docs-content-en-docs-concepts-workloads-controllers-deployment-md,NEEDS_HUMAN_REVIEW,,
candidate-bdf0e1107ebc,"How should an engineer recover from a failure involving Enables ephemeral, inline volumes that support all features of normal volumes (can be provided by th in Kubernetes?",failure recovery,Kubernetes,advanced,kubernetes-docs-content-en-docs-reference-command-line-tools-reference-feature-gates-genericephemeralvolume-md,NEEDS_HUMAN_REVIEW,,
candidate-c965ce81c7b1,How should an engineer recover from a failure involving Pod disruption budgets in Kubernetes?,failure recovery,Kubernetes,intermediate,kubernetes-docs-content-en-docs-concepts-workloads-pods-disruptions-md,NEEDS_HUMAN_REVIEW,,
candidate-cc9edd622ecb,How should an engineer recover from a failure involving How a ReplicationController works in Kubernetes?,failure recovery,Kubernetes,intermediate,kubernetes-docs-content-en-docs-concepts-workloads-controllers-replicationcontroller-md,NEEDS_HUMAN_REVIEW,,
candidate-d1378a0e5ecb,How should an engineer recover from a failure involving Dealing with disruptions in Kubernetes?,failure recovery,Kubernetes,intermediate,kubernetes-docs-content-en-docs-concepts-workloads-pods-disruptions-md,NEEDS_HUMAN_REVIEW,,
candidate-0a4c5f774da2,How should an engineer recover from a failure involving Logical Decoding Concepts in PostgreSQL?,failure recovery,PostgreSQL,intermediate,postgresql-docs-doc-src-sgml-logicaldecoding-sgml,NEEDS_HUMAN_REVIEW,,
candidate-0ca3178ec9df,How should an engineer recover from a failure involving Logical Decoding Examples in PostgreSQL?,failure recovery,PostgreSQL,intermediate,postgresql-docs-doc-src-sgml-logicaldecoding-sgml,NEEDS_HUMAN_REVIEW,,
candidate-34b975d977b7,"How should an engineer recover from a failure involving High Availability, Load Balancing, and Replication Feature Matrix in PostgreSQL?",failure recovery,PostgreSQL,advanced,postgresql-docs-doc-src-sgml-high-availability-sgml,NEEDS_HUMAN_REVIEW,,
candidate-3cf0a2704efa,How should an engineer recover from a failure involving Routine Database Maintenance Tasks in PostgreSQL?,failure recovery,PostgreSQL,intermediate,postgresql-docs-doc-src-sgml-maintenance-sgml,NEEDS_HUMAN_REVIEW,,
candidate-3dd757d21e04,How should an engineer recover from a failure involving Routine Vacuuming in PostgreSQL?,failure recovery,PostgreSQL,intermediate,postgresql-docs-doc-src-sgml-maintenance-sgml,NEEDS_HUMAN_REVIEW,,
candidate-3f4c45b4f9ab,"How should an engineer recover from a failure involving High Availability, Load Balancing, and Replication in PostgreSQL?",failure recovery,PostgreSQL,intermediate,postgresql-docs-doc-src-sgml-high-availability-sgml,NEEDS_HUMAN_REVIEW,,
candidate-4992987acf0c,How should an engineer recover from a failure involving Restoring the Dump in PostgreSQL?,failure recovery,PostgreSQL,intermediate,postgresql-docs-doc-src-sgml-backup-sgml,NEEDS_HUMAN_REVIEW,,
candidate-668387a48f23,How should an engineer recover from a failure involving pgvisibility &mdash; visibility map information and utilities in PostgreSQL?,failure recovery,PostgreSQL,intermediate,postgresql-docs-doc-src-sgml-pgvisibility-sgml,NEEDS_HUMAN_REVIEW,,
candidate-6e4edee2e69c,How should an engineer recover from a failure involving Vacuuming Basics in PostgreSQL?,failure recovery,PostgreSQL,intermediate,postgresql-docs-doc-src-sgml-maintenance-sgml,NEEDS_HUMAN_REVIEW,,
candidate-70401c60aa6f,How should an engineer recover from a failure involving Replica Identity in PostgreSQL?,failure recovery,PostgreSQL,intermediate,postgresql-docs-doc-src-sgml-logical-replication-sgml,NEEDS_HUMAN_REVIEW,,
candidate-7a641ab3b653,How should an engineer recover from a failure involving Logical Decoding in PostgreSQL?,failure recovery,PostgreSQL,intermediate,postgresql-docs-doc-src-sgml-logicaldecoding-sgml,NEEDS_HUMAN_REVIEW,,
candidate-7ae6bb37db03,How should an engineer recover from a failure involving SQL Dump in PostgreSQL?,failure recovery,PostgreSQL,intermediate,postgresql-docs-doc-src-sgml-backup-sgml,NEEDS_HUMAN_REVIEW,,
candidate-9cb884dc1204,How should an engineer recover from a failure involving Logical Replication in PostgreSQL?,failure recovery,PostgreSQL,intermediate,postgresql-docs-doc-src-sgml-logical-replication-sgml,NEEDS_HUMAN_REVIEW,,
candidate-be78d5abb0ab,How should an engineer recover from a failure involving Backup and Restore in PostgreSQL?,failure recovery,PostgreSQL,intermediate,postgresql-docs-doc-src-sgml-backup-sgml,NEEDS_HUMAN_REVIEW,,
candidate-00b705b733ca,What should an engineer check when migrating or upgrading RFC 1123 Label Names in Kubernetes?,migration,Kubernetes,intermediate,kubernetes-docs-content-en-docs-concepts-overview-working-with-objects-names-md,NEEDS_HUMAN_REVIEW,,
candidate-0266ea18c71f,What should an engineer check when migrating or upgrading PodSecurityPolicy annotations in Kubernetes?,migration,Kubernetes,intermediate,kubernetes-docs-content-en-docs-reference-access-authn-authz-psp-to-pod-security-standards-md,NEEDS_HUMAN_REVIEW,,
candidate-045b6028ff7b,What should an engineer check when migrating or upgrading Notes about PodPriority and existing clusters in Kubernetes?,migration,Kubernetes,intermediate,kubernetes-docs-content-en-docs-concepts-scheduling-eviction-pod-priority-preemption-md,NEEDS_HUMAN_REVIEW,,
candidate-07aeabed93e2,What should an engineer check when migrating or upgrading Understanding user namespaces for pods in Kubernetes?,migration,Kubernetes,intermediate,kubernetes-docs-content-en-docs-concepts-workloads-pods-user-namespaces-md,NEEDS_HUMAN_REVIEW,,
candidate-090f27ad865b,What should an engineer check when migrating or upgrading Enabling coordinated leader election in Kubernetes?,migration,Kubernetes,intermediate,kubernetes-docs-content-en-docs-concepts-cluster-administration-coordinated-leader-election-md,NEEDS_HUMAN_REVIEW,,
candidate-0b148ebe9524,What should an engineer check when migrating or upgrading Contribute to an existing localization in Kubernetes?,migration,Kubernetes,intermediate,kubernetes-docs-content-en-docs-contribute-localization-md,NEEDS_HUMAN_REVIEW,,
candidate-0db979de6e50,What should an engineer check when migrating or upgrading Aggregated discovery in Kubernetes?,migration,Kubernetes,intermediate,kubernetes-docs-content-en-docs-concepts-overview-kubernetes-api-md,NEEDS_HUMAN_REVIEW,,
candidate-0e1380a48bca,What should an engineer check when migrating or upgrading Kubernetes API version in Kubernetes?,migration,Kubernetes,intermediate,kubernetes-docs-content-en-docs-reference-access-authn-authz-webhook-md,NEEDS_HUMAN_REVIEW,,
candidate-156437d3d76a,"What should an engineer check when migrating or upgrading {{% heading ""whatsnext"" %}} in Kubernetes?",migration,Kubernetes,intermediate,kubernetes-docs-content-en-docs-concepts-scheduling-eviction-node-declared-features-md,NEEDS_HUMAN_REVIEW,,
candidate-157a6da114da,What should an engineer check when migrating or upgrading Enables improved discovery of mounted volumes during kubelet startup in Kubernetes?,migration,Kubernetes,advanced,kubernetes-docs-content-en-docs-reference-command-line-tools-reference-feature-gates-newvolumemanagerreconstruction-md,NEEDS_HUMAN_REVIEW,,
candidate-1e1d9a1fa5ff,What should an engineer check when migrating or upgrading Updating images in Kubernetes?,migration,Kubernetes,intermediate,kubernetes-docs-content-en-docs-concepts-containers-images-md,NEEDS_HUMAN_REVIEW,,
candidate-1f0749ea68f6,What should an engineer check when migrating or upgrading You can enable the MultiCIDRServiceAllocator feature gate in Kubernetes?,migration,Kubernetes,intermediate,kubernetes-docs-content-en-docs-reference-command-line-tools-reference-feature-gates-disableallocatordualwrite-md,NEEDS_HUMAN_REVIEW,,
candidate-1fc33b3818e6,What should an engineer check when migrating or upgrading Contributing basics in Kubernetes?,migration,Kubernetes,intermediate,kubernetes-docs-content-en-docs-contribute-new-content-index-md,NEEDS_HUMAN_REVIEW,,
candidate-25a5c9720201,What should an engineer check when migrating or upgrading Set up the local repositories in Kubernetes?,migration,Kubernetes,intermediate,kubernetes-docs-content-en-docs-contribute-generate-ref-docs-kubectl-md,NEEDS_HUMAN_REVIEW,,
candidate-2722c8bd3764,What should an engineer check when migrating or upgrading Enable concurrent watch object decoding in Kubernetes?,migration,Kubernetes,intermediate,kubernetes-docs-content-en-docs-reference-command-line-tools-reference-feature-gates-concurrentwatchobjectdecode-md,NEEDS_HUMAN_REVIEW,,
candidate-2e3684d216c0,"What should an engineer check when migrating or upgrading Allow clients to use the LastSyncResourceVersion() call on informers, enabling them to perform actio in Kubernetes?",migration,Kubernetes,advanced,kubernetes-docs-content-en-docs-reference-command-line-tools-reference-feature-gates-informerresourceversion-md,NEEDS_HUMAN_REVIEW,,
candidate-2ecac789c809,What should an engineer check when migrating or upgrading Fork and clone the repo in Kubernetes?,migration,Kubernetes,intermediate,kubernetes-docs-content-en-docs-contribute-localization-md,NEEDS_HUMAN_REVIEW,,
candidate-2fe6c3e1cd33,What should an engineer check when migrating or upgrading Enabling node declared features in Kubernetes?,migration,Kubernetes,intermediate,kubernetes-docs-content-en-docs-concepts-scheduling-eviction-node-declared-features-md,NEEDS_HUMAN_REVIEW,,
candidate-3168c9b92272,What should an engineer check when migrating or upgrading Feature gates in Kubernetes v{{% skew currentVersion %}} in Kubernetes?,migration,Kubernetes,advanced,kubernetes-docs-content-en-docs-reference-command-line-tools-reference-feature-gates-index-md,NEEDS_HUMAN_REVIEW,,
candidate-089aa171fa41,What should an engineer check when migrating or upgrading How to Use It in PostgreSQL?,migration,PostgreSQL,intermediate,postgresql-docs-doc-src-sgml-citext-sgml,NEEDS_HUMAN_REVIEW,,
candidate-09da314cedda,What should an engineer check when migrating or upgrading Other Binary String Functions in PostgreSQL?,migration,PostgreSQL,intermediate,postgresql-docs-doc-src-sgml-func-func-binarystring-sgml,NEEDS_HUMAN_REVIEW,,
candidate-0a6a6870ea3c,What should an engineer check when migrating or upgrading Writing a Custom Scan Provider in PostgreSQL?,migration,PostgreSQL,intermediate,postgresql-docs-doc-src-sgml-custom-scan-sgml,NEEDS_HUMAN_REVIEW,,
candidate-10aad4091420,What should an engineer check when migrating or upgrading citext &mdash; a case-insensitive character string type in PostgreSQL?,migration,PostgreSQL,intermediate,postgresql-docs-doc-src-sgml-citext-sgml,NEEDS_HUMAN_REVIEW,,
candidate-13dc4a73e897,What should an engineer check when migrating or upgrading isn Data Types in PostgreSQL?,migration,PostgreSQL,intermediate,postgresql-docs-doc-src-sgml-isn-sgml,NEEDS_HUMAN_REVIEW,,
candidate-15a59af9fd4d,What should an engineer check when migrating or upgrading PL/Perl &mdash; Perl Procedural Language in PostgreSQL?,migration,PostgreSQL,intermediate,postgresql-docs-doc-src-sgml-plperl-sgml,NEEDS_HUMAN_REVIEW,,
candidate-189fd5029e78,What should an engineer check when migrating or upgrading pgstattuple &mdash; obtain tuple-level statistics in PostgreSQL?,migration,PostgreSQL,intermediate,postgresql-docs-doc-src-sgml-pgstattuple-sgml,NEEDS_HUMAN_REVIEW,,
candidate-1d01584c56c7,What should an engineer check when migrating or upgrading earthdistance &mdash; calculate great-circle distances in PostgreSQL?,migration,PostgreSQL,intermediate,postgresql-docs-doc-src-sgml-earthdistance-sgml,NEEDS_HUMAN_REVIEW,,
candidate-2045b8e1e21c,What should an engineer check when migrating or upgrading Other String Functions and Operators in PostgreSQL?,migration,PostgreSQL,intermediate,postgresql-docs-doc-src-sgml-func-func-string-sgml,NEEDS_HUMAN_REVIEW,,
candidate-21d8f4660508,What should an engineer check when migrating or upgrading Data Type Formatting Functions in PostgreSQL?,migration,PostgreSQL,intermediate,postgresql-docs-doc-src-sgml-func-func-formatting-sgml,NEEDS_HUMAN_REVIEW,,
candidate-2884652e619a,What should an engineer check when migrating or upgrading Binary String Functions and Operators in PostgreSQL?,migration,PostgreSQL,intermediate,postgresql-docs-doc-src-sgml-func-func-binarystring-sgml,NEEDS_HUMAN_REVIEW,,
candidate-314095535382,What should an engineer check when migrating or upgrading General-Purpose Aggregate Functions in PostgreSQL?,migration,PostgreSQL,intermediate,postgresql-docs-doc-src-sgml-func-func-aggregate-sgml,NEEDS_HUMAN_REVIEW,,
candidate-02cd1eb8b7f6,How does an engineer configure or diagnose networking for Service Discovery in Kubernetes?,networking,Kubernetes,intermediate,kubernetes-docs-content-en-docs-concepts-cluster-administration-addons-md,NEEDS_HUMAN_REVIEW,,
candidate-0603acaf82f9,How does an engineer configure or diagnose networking for Enable the users to skip TLS verification of kubelets on Pod log requests in Kubernetes?,networking,Kubernetes,advanced,kubernetes-docs-content-en-docs-reference-command-line-tools-reference-feature-gates-allowinsecurebackendproxy-md,NEEDS_HUMAN_REVIEW,,
candidate-06dfbde3095c,How does an engineer configure or diagnose networking for This feature gate controls the point at which a default value for .spec.containers[].ports[].hostPor in Kubernetes?,networking,Kubernetes,advanced,kubernetes-docs-content-en-docs-reference-command-line-tools-reference-feature-gates-defaulthostnetworkhostportsinpodtemplates-md,NEEDS_HUMAN_REVIEW,,
candidate-078a01ef0419,How does an engineer configure or diagnose networking for Managing a cluster in Kubernetes?,networking,Kubernetes,intermediate,kubernetes-docs-content-en-docs-concepts-cluster-administration-index-md,NEEDS_HUMAN_REVIEW,,
candidate-086563b0c0d2,How does an engineer configure or diagnose networking for Cleanup for finished Jobs in Kubernetes?,networking,Kubernetes,intermediate,kubernetes-docs-content-en-docs-concepts-workloads-controllers-ttlafterfinished-md,NEEDS_HUMAN_REVIEW,,
candidate-08c4fb80372f,How does an engineer configure or diagnose networking for Configure IPv4/IPv6 dual-stack in Kubernetes?,networking,Kubernetes,intermediate,kubernetes-docs-content-en-docs-concepts-services-networking-dual-stack-md,NEEDS_HUMAN_REVIEW,,
candidate-08ebcb73878b,How does an engineer configure or diagnose networking for Loopback CNI in Kubernetes?,networking,Kubernetes,intermediate,kubernetes-docs-content-en-docs-concepts-extend-kubernetes-compute-storage-net-network-plugins-md,NEEDS_HUMAN_REVIEW,,
candidate-0b31adc2e358,"How does an engineer configure or diagnose networking for Enables the SCTP protocol value in Pod, Service, Endpoints, EndpointSlice, and NetworkPolicy definit in Kubernetes?",networking,Kubernetes,advanced,kubernetes-docs-content-en-docs-reference-command-line-tools-reference-feature-gates-sctpsupport-md,NEEDS_HUMAN_REVIEW,,
candidate-0c287b068602,How does an engineer configure or diagnose networking for Namespaces of Services in Kubernetes?,networking,Kubernetes,intermediate,kubernetes-docs-content-en-docs-concepts-services-networking-dns-pod-service-md,NEEDS_HUMAN_REVIEW,,
candidate-0d8019b2a64e,How does an engineer configure or diagnose networking for Kubelet authorization in Kubernetes?,networking,Kubernetes,intermediate,kubernetes-docs-content-en-docs-reference-access-authn-authz-kubelet-authn-authz-md,NEEDS_HUMAN_REVIEW,,
candidate-1026ca5af41b,How does an engineer configure or diagnose networking for Creation ordering in Kubernetes?,networking,Kubernetes,intermediate,kubernetes-docs-content-en-docs-concepts-workloads-podgroup-api-lifecycle-md,NEEDS_HUMAN_REVIEW,,
candidate-10be5a7841b6,How does an engineer configure or diagnose networking for Control plane components in Kubernetes?,networking,Kubernetes,intermediate,kubernetes-docs-content-en-docs-concepts-architecture-index-md,NEEDS_HUMAN_REVIEW,,
candidate-12cfe88d2f75,How does an engineer configure or diagnose networking for Third party ingress controllers in Kubernetes?,networking,Kubernetes,intermediate,kubernetes-docs-content-en-docs-concepts-services-networking-ingress-controllers-md,NEEDS_HUMAN_REVIEW,,
candidate-133ad084de07,How does an engineer configure or diagnose networking for Writing a CronJob spec in Kubernetes?,networking,Kubernetes,intermediate,kubernetes-docs-content-en-docs-concepts-workloads-controllers-cron-jobs-md,NEEDS_HUMAN_REVIEW,,
candidate-1618a31a1742,How does an engineer configure or diagnose networking for When it works best in Kubernetes?,networking,Kubernetes,intermediate,kubernetes-docs-content-en-docs-concepts-services-networking-topology-aware-routing-md,NEEDS_HUMAN_REVIEW,,
candidate-182943f6f74b,How does an engineer configure or diagnose networking for Enable the rotation of the client TLS certificate on the kubelet in Kubernetes?,networking,Kubernetes,advanced,kubernetes-docs-content-en-docs-reference-command-line-tools-reference-feature-gates-rotatekubeletclientcertificate-md,NEEDS_HUMAN_REVIEW,,
candidate-18d7ad3011be,How does an engineer configure or diagnose networking for Planning a cluster in Kubernetes?,networking,Kubernetes,intermediate,kubernetes-docs-content-en-docs-concepts-cluster-administration-index-md,NEEDS_HUMAN_REVIEW,,
candidate-191ea5ae9409,How does an engineer configure or diagnose networking for Enable kubelet and kube-apiserver to allow more DNS search paths and longer list of DNS search paths in Kubernetes?,networking,Kubernetes,advanced,kubernetes-docs-content-en-docs-reference-command-line-tools-reference-feature-gates-expandeddnsconfig-md,NEEDS_HUMAN_REVIEW,,
candidate-1bcc7962a1e1,How does an engineer configure or diagnose networking for Allows setting ipMode for Services where type is set to LoadBalancer in Kubernetes?,networking,Kubernetes,advanced,kubernetes-docs-content-en-docs-reference-command-line-tools-reference-feature-gates-loadbalanceripmode-md,NEEDS_HUMAN_REVIEW,,
candidate-22cdfcd33d20,How does an engineer configure or diagnose networking for IP address management (IPAM) in Kubernetes?,networking,Kubernetes,intermediate,kubernetes-docs-content-en-docs-concepts-services-networking-windows-networking-md,NEEDS_HUMAN_REVIEW,,
candidate-2472f1159037,How does an engineer configure or diagnose networking for Resource model in Kubernetes?,networking,Kubernetes,intermediate,kubernetes-docs-content-en-docs-concepts-services-networking-gateway-md,NEEDS_HUMAN_REVIEW,,
candidate-24af6bf2830d,How does an engineer configure or diagnose networking for Allow WebSocket streaming of the portforward sub-protocol (port-forward) from clients requesting ver in Kubernetes?,networking,Kubernetes,advanced,kubernetes-docs-content-en-docs-reference-command-line-tools-reference-feature-gates-portforwardwebsockets-md,NEEDS_HUMAN_REVIEW,,
candidate-2618113d7131,How does an engineer configure or diagnose networking for Ownership and lifecycle in Kubernetes?,networking,Kubernetes,intermediate,kubernetes-docs-content-en-docs-concepts-workloads-podgroup-api-lifecycle-md,NEEDS_HUMAN_REVIEW,,
candidate-26857b3299dd,How does an engineer configure or diagnose networking for Enable customizing the DNS settings for a Pod using its dnsConfig property in Kubernetes?,networking,Kubernetes,advanced,kubernetes-docs-content-en-docs-reference-command-line-tools-reference-feature-gates-custompoddns-md,NEEDS_HUMAN_REVIEW,,
candidate-2697adf6e530,How does an engineer configure or diagnose networking for What is Ingress? in Kubernetes?,networking,Kubernetes,intermediate,kubernetes-docs-content-en-docs-concepts-services-networking-ingress-md,NEEDS_HUMAN_REVIEW,,
candidate-271a2ad767ea,"How does an engineer configure or diagnose networking for {{% heading ""prerequisites"" %}} in Kubernetes?",networking,Kubernetes,intermediate,kubernetes-docs-content-en-docs-concepts-workloads-pods-user-namespaces-md,NEEDS_HUMAN_REVIEW,,
candidate-0236c4c13e9c,How does an engineer configure or diagnose networking for Overview of PostgreSQL Internals in PostgreSQL?,networking,PostgreSQL,intermediate,postgresql-docs-doc-src-sgml-arch-dev-sgml,NEEDS_HUMAN_REVIEW,,
candidate-0a713038c707,How does an engineer configure or diagnose networking for Comparison of Different Solutions in PostgreSQL?,networking,PostgreSQL,intermediate,postgresql-docs-doc-src-sgml-high-availability-sgml,NEEDS_HUMAN_REVIEW,,
candidate-11e40928f1ca,How does an engineer configure or diagnose networking for authdelay &mdash; pause on authentication failure in PostgreSQL?,networking,PostgreSQL,intermediate,postgresql-docs-doc-src-sgml-auth-delay-sgml,NEEDS_HUMAN_REVIEW,,
candidate-1f15873b0ab7,How does an engineer configure or diagnose networking for System Information Functions and Operators in PostgreSQL?,networking,PostgreSQL,intermediate,postgresql-docs-doc-src-sgml-func-func-info-sgml,NEEDS_HUMAN_REVIEW,,
candidate-292b5849bfb7,How does an engineer configure or diagnose networking for Connection Options in PostgreSQL?,networking,PostgreSQL,intermediate,postgresql-docs-doc-src-sgml-postgres-fdw-sgml,NEEDS_HUMAN_REVIEW,,
candidate-005855833cff,How can an engineer monitor and verify Request attributes used in authorization in Kubernetes?,observability,Kubernetes,intermediate,kubernetes-docs-content-en-docs-reference-access-authn-authz-authorization-md,NEEDS_HUMAN_REVIEW,,
candidate-010a6fab4f48,How can an engineer monitor and verify Allows for storage-originated bookmark (progress notify) events to be delivered to the users in Kubernetes?,observability,Kubernetes,advanced,kubernetes-docs-content-en-docs-reference-command-line-tools-reference-feature-gates-efficientwatchresumption-md,NEEDS_HUMAN_REVIEW,,
candidate-026a19db2a4f,How can an engineer monitor and verify Enable support for CSI volume health monitoring on node in Kubernetes?,observability,Kubernetes,advanced,kubernetes-docs-content-en-docs-reference-command-line-tools-reference-feature-gates-csivolumehealth-md,NEEDS_HUMAN_REVIEW,,
candidate-04d30771083f,How can an engineer monitor and verify API object in Kubernetes?,observability,Kubernetes,intermediate,kubernetes-docs-content-en-docs-concepts-workloads-autoscaling-vertical-pod-autoscale-md,NEEDS_HUMAN_REVIEW,,
candidate-06e63d0e144f,How can an engineer monitor and verify Writing a Job spec in Kubernetes?,observability,Kubernetes,intermediate,kubernetes-docs-content-en-docs-concepts-workloads-controllers-job-md,NEEDS_HUMAN_REVIEW,,
candidate-08883ae15b6e,How can an engineer monitor and verify How Pods with ephemeral-storage requests are scheduled in Kubernetes?,observability,Kubernetes,intermediate,kubernetes-docs-content-en-docs-concepts-storage-ephemeral-storage-md,NEEDS_HUMAN_REVIEW,,
candidate-0a9ac131c7bf,How can an engineer monitor and verify Force the informers to deliver watch stream events in order instead of out of order in Kubernetes?,observability,Kubernetes,advanced,kubernetes-docs-content-en-docs-reference-command-line-tools-reference-feature-gates-inorderinformers-md,NEEDS_HUMAN_REVIEW,,
candidate-0e70f896d30f,How can an engineer monitor and verify Enable kubelet to surface Pressure Stall Information (PSI) metrics in the Summary API and Prometheus in Kubernetes?,observability,Kubernetes,advanced,kubernetes-docs-content-en-docs-reference-command-line-tools-reference-feature-gates-kubeletpsi-md,NEEDS_HUMAN_REVIEW,,
candidate-1272e550fccc,How can an engineer monitor and verify Used to enable dynamic auditing before v1.19 in Kubernetes?,observability,Kubernetes,intermediate,kubernetes-docs-content-en-docs-reference-command-line-tools-reference-feature-gates-dynamicauditing-md,NEEDS_HUMAN_REVIEW,,
candidate-1584c277ea29,How can an engineer monitor and verify Enables shims and translation logic to route volume operations from the Azure-Disk in-tree plugin to in Kubernetes?,observability,Kubernetes,advanced,kubernetes-docs-content-en-docs-reference-command-line-tools-reference-feature-gates-csimigrationazuredisk-md,NEEDS_HUMAN_REVIEW,,
candidate-160014fe66d8,How can an engineer monitor and verify Topology manager in Kubernetes?,observability,Kubernetes,intermediate,kubernetes-docs-content-en-docs-concepts-workloads-resource-managers-md,NEEDS_HUMAN_REVIEW,,
candidate-165e8a412b5a,How can an engineer monitor and verify Disruption mode types in Kubernetes?,observability,Kubernetes,intermediate,kubernetes-docs-content-en-docs-concepts-workloads-workload-api-disruption-and-priority-md,NEEDS_HUMAN_REVIEW,,
candidate-180a7d18684b,"How can an engineer monitor and verify Enable the /metrics/slis endpoint on Kubernetes components like kubelet, kube-scheduler, kube-proxy, in Kubernetes?",observability,Kubernetes,advanced,kubernetes-docs-content-en-docs-reference-command-line-tools-reference-feature-gates-componentslis-md,NEEDS_HUMAN_REVIEW,,
candidate-19daa549e2fa,How can an engineer monitor and verify Missing PodGroup reference in Kubernetes?,observability,Kubernetes,intermediate,kubernetes-docs-content-en-docs-concepts-workloads-pods-scheduling-group-md,NEEDS_HUMAN_REVIEW,,
candidate-1af3b60e8a16,How can an engineer monitor and verify Container hooks in Kubernetes?,observability,Kubernetes,intermediate,kubernetes-docs-content-en-docs-concepts-containers-container-lifecycle-hooks-md,NEEDS_HUMAN_REVIEW,,
candidate-1d056a7015a2,How can an engineer monitor and verify EndpointSlice API in Kubernetes?,observability,Kubernetes,intermediate,kubernetes-docs-content-en-docs-concepts-services-networking-endpoint-slices-md,NEEDS_HUMAN_REVIEW,,
candidate-20b6a2f20f57,How can an engineer monitor and verify API configuration: scheduling constraints in Kubernetes?,observability,Kubernetes,intermediate,kubernetes-docs-content-en-docs-concepts-workloads-workload-api-topology-aware-scheduling-md,NEEDS_HUMAN_REVIEW,,
candidate-21fa57fc9c0e,How can an engineer monitor and verify Enables extra details in log output of Kubernetes components that support contextual logging in Kubernetes?,observability,Kubernetes,advanced,kubernetes-docs-content-en-docs-reference-command-line-tools-reference-feature-gates-contextuallogging-md,NEEDS_HUMAN_REVIEW,,
candidate-21fb2ecff819,How can an engineer monitor and verify Enables shims and translation logic to route volume operations from the Portworx in-tree plugin to P in Kubernetes?,observability,Kubernetes,advanced,kubernetes-docs-content-en-docs-reference-command-line-tools-reference-feature-gates-csimigrationportworx-md,NEEDS_HUMAN_REVIEW,,
candidate-0033240c5020,How can an engineer monitor and verify Index Maintenance in PostgreSQL?,observability,PostgreSQL,intermediate,postgresql-docs-doc-src-sgml-brin-sgml,NEEDS_HUMAN_REVIEW,,
candidate-018351ea07c3,How can an engineer monitor and verify The Information Schema in PostgreSQL?,observability,PostgreSQL,intermediate,postgresql-docs-doc-src-sgml-information-schema-sgml,NEEDS_HUMAN_REVIEW,,
candidate-079a35f58509,How can an engineer monitor and verify autoexplain &mdash; log execution plans of slow queries in PostgreSQL?,observability,PostgreSQL,advanced,postgresql-docs-doc-src-sgml-auto-explain-sgml,NEEDS_HUMAN_REVIEW,,
candidate-0edbb227cfb4,How can an engineer monitor and verify Sample Uses in PostgreSQL?,observability,PostgreSQL,intermediate,postgresql-docs-doc-src-sgml-intagg-sgml,NEEDS_HUMAN_REVIEW,,
candidate-100558de8682,How can an engineer monitor and verify cube &mdash; a multi-dimensional cube data type in PostgreSQL?,observability,PostgreSQL,intermediate,postgresql-docs-doc-src-sgml-cube-sgml,NEEDS_HUMAN_REVIEW,,
candidate-12d82424dc18,How can an engineer monitor and verify Optional heapallindexed Verification in PostgreSQL?,observability,PostgreSQL,intermediate,postgresql-docs-doc-src-sgml-amcheck-sgml,NEEDS_HUMAN_REVIEW,,
candidate-156421441395,How can an engineer monitor and verify Comparison Operators in PostgreSQL?,observability,PostgreSQL,intermediate,postgresql-docs-doc-src-sgml-func-func-comparison-sgml,NEEDS_HUMAN_REVIEW,,
candidate-19332cdc9a78,How can an engineer monitor and verify GiST Indexes in PostgreSQL?,observability,PostgreSQL,intermediate,postgresql-docs-doc-src-sgml-gist-sgml,NEEDS_HUMAN_REVIEW,,
candidate-1af1a3ad0ecd,How can an engineer monitor and verify Built-In Trigger Functions in PostgreSQL?,observability,PostgreSQL,intermediate,postgresql-docs-doc-src-sgml-func-func-trigger-sgml,NEEDS_HUMAN_REVIEW,,
candidate-1b91a6bfecc5,How can an engineer monitor and verify amcheck &mdash; tools to verify table and index consistency in PostgreSQL?,observability,PostgreSQL,advanced,postgresql-docs-doc-src-sgml-amcheck-sgml,NEEDS_HUMAN_REVIEW,,
candidate-1bb0381261d5,How can an engineer monitor and verify Generic WAL Records in PostgreSQL?,observability,PostgreSQL,intermediate,postgresql-docs-doc-src-sgml-generic-wal-sgml,NEEDS_HUMAN_REVIEW,,
candidate-1f2e34095f8d,How can an engineer monitor and verify System Catalog Declaration Rules in PostgreSQL?,observability,PostgreSQL,intermediate,postgresql-docs-doc-src-sgml-bki-sgml,NEEDS_HUMAN_REVIEW,,
candidate-01846844050c,How can an engineer investigate performance issues involving Scaling workloads automatically in Kubernetes?,performance,Kubernetes,intermediate,kubernetes-docs-content-en-docs-concepts-workloads-autoscaling-md,NEEDS_HUMAN_REVIEW,,
candidate-02f49f0bd82a,How can an engineer investigate performance issues involving Constraints on resource limits and requests in Kubernetes?,performance,Kubernetes,intermediate,kubernetes-docs-content-en-docs-concepts-policy-limit-range-md,NEEDS_HUMAN_REVIEW,,
candidate-0467376a69f5,How can an engineer investigate performance issues involving Initial namespaces in Kubernetes?,performance,Kubernetes,intermediate,kubernetes-docs-content-en-docs-concepts-overview-working-with-objects-namespaces-md,NEEDS_HUMAN_REVIEW,,
candidate-050bfe8a6c1c,How can an engineer investigate performance issues involving Topology manager in Kubernetes?,performance,Kubernetes,intermediate,kubernetes-docs-content-en-docs-concepts-workloads-resource-managers-md,NEEDS_HUMAN_REVIEW,,
candidate-0916d7e1134f,How can an engineer investigate performance issues involving The two sorts of pod isolation in Kubernetes?,performance,Kubernetes,intermediate,kubernetes-docs-content-en-docs-concepts-services-networking-network-policies-md,NEEDS_HUMAN_REVIEW,,
candidate-0bfbf9dc0376,How can an engineer investigate performance issues involving Troubleshooting stuck evictions in Kubernetes?,performance,Kubernetes,intermediate,kubernetes-docs-content-en-docs-concepts-scheduling-eviction-api-eviction-md,NEEDS_HUMAN_REVIEW,,
candidate-0c67afa59265,How can an engineer investigate performance issues involving Enable use of any custom resource as the DataSource of a in Kubernetes?,performance,Kubernetes,advanced,kubernetes-docs-content-en-docs-reference-command-line-tools-reference-feature-gates-anyvolumedatasource-md,NEEDS_HUMAN_REVIEW,,
candidate-0cc9d8eb1190,How can an engineer investigate performance issues involving Configure encryption at rest in Kubernetes?,performance,Kubernetes,intermediate,kubernetes-docs-content-en-docs-concepts-security-secrets-good-practices-md,NEEDS_HUMAN_REVIEW,,
candidate-0cf4cfb9a580,How can an engineer investigate performance issues involving Enables device sharing across multiple ResourceClaims or requests in Kubernetes?,performance,Kubernetes,advanced,kubernetes-docs-content-en-docs-reference-command-line-tools-reference-feature-gates-draconsumablecapacity-md,NEEDS_HUMAN_REVIEW,,
candidate-0dceeee59b57,How can an engineer investigate performance issues involving Node selection in kube-scheduler in Kubernetes?,performance,Kubernetes,intermediate,kubernetes-docs-content-en-docs-concepts-scheduling-eviction-kube-scheduler-md,NEEDS_HUMAN_REVIEW,,
candidate-0e4447df5d73,How can an engineer investigate performance issues involving Cascading deletion in Kubernetes?,performance,Kubernetes,intermediate,kubernetes-docs-content-en-docs-concepts-architecture-garbage-collection-md,NEEDS_HUMAN_REVIEW,,
candidate-0efc59f7bb55,How can an engineer investigate performance issues involving Aggregation layer in Kubernetes?,performance,Kubernetes,intermediate,kubernetes-docs-content-en-docs-concepts-extend-kubernetes-api-extension-apiserver-aggregation-md,NEEDS_HUMAN_REVIEW,,
candidate-0f594b70f6cc,How can an engineer investigate performance issues involving PodGroup scheduling cycle in Kubernetes?,performance,Kubernetes,intermediate,kubernetes-docs-content-en-docs-concepts-scheduling-eviction-podgroup-scheduling-md,NEEDS_HUMAN_REVIEW,,
candidate-1041de53ccc9,How can an engineer investigate performance issues involving Enables support for resources with custom parameters and a lifecycle that is independent of a Pod in Kubernetes?,performance,Kubernetes,advanced,kubernetes-docs-content-en-docs-reference-command-line-tools-reference-feature-gates-dracontrolplanecontroller-md,NEEDS_HUMAN_REVIEW,,
candidate-129a7f50aed5,How can an engineer investigate performance issues involving Use upper camel case for API objects in Kubernetes?,performance,Kubernetes,intermediate,kubernetes-docs-content-en-docs-contribute-style-style-guide-md,NEEDS_HUMAN_REVIEW,,
candidate-12f03877183e,How can an engineer investigate performance issues involving Operators in Kubernetes in Kubernetes?,performance,Kubernetes,intermediate,kubernetes-docs-content-en-docs-concepts-extend-kubernetes-operator-md,NEEDS_HUMAN_REVIEW,,
candidate-133c5debe67f,How can an engineer investigate performance issues involving Writing a Job spec in Kubernetes?,performance,Kubernetes,intermediate,kubernetes-docs-content-en-docs-concepts-workloads-controllers-job-md,NEEDS_HUMAN_REVIEW,,
candidate-138b5e19c4fe,How can an engineer investigate performance issues involving Swap behaviors in Kubernetes?,performance,Kubernetes,intermediate,kubernetes-docs-content-en-docs-concepts-cluster-administration-swap-memory-management-md,NEEDS_HUMAN_REVIEW,,
candidate-1566cdb99a81,How can an engineer investigate performance issues involving Lifecycle of a volume snapshot and volume snapshot content in Kubernetes?,performance,Kubernetes,advanced,kubernetes-docs-content-en-docs-concepts-storage-volume-snapshots-md,NEEDS_HUMAN_REVIEW,,
candidate-16cab929afdf,How can an engineer investigate performance issues involving Enables support the ResourceClaim.status.devices field and for setting this status from DRA drivers in Kubernetes?,performance,Kubernetes,advanced,kubernetes-docs-content-en-docs-reference-command-line-tools-reference-feature-gates-draresourceclaimdevicestatus-md,NEEDS_HUMAN_REVIEW,,
candidate-18c693208333,"How can an engineer investigate performance issues involving Owner references, labels, and finalizers in Kubernetes?",performance,Kubernetes,intermediate,kubernetes-docs-content-en-docs-concepts-overview-working-with-objects-finalizers-md,NEEDS_HUMAN_REVIEW,,
candidate-18f4ffe87959,How can an engineer investigate performance issues involving Policies for assigning CPUs to Pods in Kubernetes?,performance,Kubernetes,intermediate,kubernetes-docs-content-en-docs-concepts-workloads-resource-managers-md,NEEDS_HUMAN_REVIEW,,
candidate-1c2b5042dcbe,How can an engineer investigate performance issues involving Benefits of DRA in Kubernetes?,performance,Kubernetes,intermediate,kubernetes-docs-content-en-docs-concepts-scheduling-eviction-dynamic-resource-allocation-md,NEEDS_HUMAN_REVIEW,,
candidate-1c6c39f62d08,How can an engineer investigate performance issues involving Enable the status subresource for NetworkPolicy objects in Kubernetes?,performance,Kubernetes,intermediate,kubernetes-docs-content-en-docs-reference-command-line-tools-reference-feature-gates-networkpolicystatus-md,NEEDS_HUMAN_REVIEW,,
candidate-1c7054b150f4,How can an engineer investigate performance issues involving Enables resilient watchcache initialization to avoid controlplane overload in Kubernetes?,performance,Kubernetes,advanced,kubernetes-docs-content-en-docs-reference-command-line-tools-reference-feature-gates-resilientwatchcacheinitialization-md,NEEDS_HUMAN_REVIEW,,
candidate-1d1211346c44,"How can an engineer investigate performance issues involving When LocalStorageCapacityIsolation is enabled for local ephemeral storage, the backing filesystem fo in Kubernetes?",performance,Kubernetes,advanced,kubernetes-docs-content-en-docs-reference-command-line-tools-reference-feature-gates-localstoragecapacityisolationfsquotamonitoring-md,NEEDS_HUMAN_REVIEW,,
candidate-01300c7d8319,How can an engineer investigate performance issues involving Getting Started in PostgreSQL?,performance,PostgreSQL,intermediate,postgresql-docs-doc-src-sgml-pgplanadvice-sgml,NEEDS_HUMAN_REVIEW,,
candidate-05e67d46c5d9,How can an engineer investigate performance issues involving Parallel Query in PostgreSQL?,performance,PostgreSQL,intermediate,postgresql-docs-doc-src-sgml-parallel-sgml,NEEDS_HUMAN_REVIEW,,
candidate-1223e8dd055b,How can an engineer investigate performance issues involving pgbuffercache Columns in PostgreSQL?,performance,PostgreSQL,intermediate,postgresql-docs-doc-src-sgml-pgbuffercache-sgml,NEEDS_HUMAN_REVIEW,,
candidate-136e50dd9fa7,How can an engineer investigate performance issues involving Index Types in PostgreSQL?,performance,PostgreSQL,intermediate,postgresql-docs-doc-src-sgml-indices-sgml,NEEDS_HUMAN_REVIEW,,
candidate-15b1623d55f8,How can an engineer investigate performance issues involving pgbuffercache &mdash; inspect PostgreSQL in PostgreSQL?,performance,PostgreSQL,intermediate,postgresql-docs-doc-src-sgml-pgbuffercache-sgml,NEEDS_HUMAN_REVIEW,,
candidate-00314edf4f6f,What security controls should be applied when using User accounts versus service accounts in Kubernetes?,security,Kubernetes,intermediate,kubernetes-docs-content-en-docs-reference-access-authn-authz-service-accounts-admin-md,NEEDS_HUMAN_REVIEW,,
candidate-0098dc83ddbb,What security controls should be applied when using Enables declarative validation of in-tree Kubernetes APIs in Kubernetes?,security,Kubernetes,intermediate,kubernetes-docs-content-en-docs-reference-command-line-tools-reference-feature-gates-declarativevalidation-md,NEEDS_HUMAN_REVIEW,,
candidate-009ffe42031a,What security controls should be applied when using Make the Node authorizer use fine-grained selector authorization in Kubernetes?,security,Kubernetes,advanced,kubernetes-docs-content-en-docs-reference-command-line-tools-reference-feature-gates-authorizenodewithselectors-md,NEEDS_HUMAN_REVIEW,,
candidate-00da7ae9c628,What security controls should be applied when using Base security hardening in Kubernetes?,security,Kubernetes,intermediate,kubernetes-docs-content-en-docs-concepts-security-application-security-checklist-md,NEEDS_HUMAN_REVIEW,,
candidate-022583cdd0ed,What security controls should be applied when using Experimenting with admission webhooks in Kubernetes?,security,Kubernetes,intermediate,kubernetes-docs-content-en-docs-reference-access-authn-authz-extensible-admission-controllers-md,NEEDS_HUMAN_REVIEW,,
candidate-0262092b7fbb,What security controls should be applied when using Enabling Bootstrap Token Authentication in Kubernetes?,security,Kubernetes,intermediate,kubernetes-docs-content-en-docs-reference-access-authn-authz-bootstrap-tokens-md,NEEDS_HUMAN_REVIEW,,
candidate-03b2f76da12a,What security controls should be applied when using The kubelet API in Kubernetes?,security,Kubernetes,intermediate,kubernetes-docs-content-en-docs-concepts-security-api-server-bypass-risks-md,NEEDS_HUMAN_REVIEW,,
candidate-045e49397ea1,What security controls should be applied when using Self-registration of Nodes in Kubernetes?,security,Kubernetes,intermediate,kubernetes-docs-content-en-docs-concepts-architecture-nodes-md,NEEDS_HUMAN_REVIEW,,
candidate-04d35bb5d765,What security controls should be applied when using Enables KMS v2 to generate single use data encryption keys in Kubernetes?,security,Kubernetes,advanced,kubernetes-docs-content-en-docs-reference-command-line-tools-reference-feature-gates-kmsv2kdf-md,NEEDS_HUMAN_REVIEW,,
candidate-0563d21f4645,What security controls should be applied when using Use case: Secret visible to one container in a Pod in Kubernetes?,security,Kubernetes,advanced,kubernetes-docs-content-en-docs-concepts-configuration-secret-md,NEEDS_HUMAN_REVIEW,,
candidate-07d18ac78b1f,"What security controls should be applied when using When the AuthorizePodWebsocketUpgradeCreatePermission feature gate is true, clients must be authoriz in Kubernetes?",security,Kubernetes,advanced,kubernetes-docs-content-en-docs-reference-command-line-tools-reference-feature-gates-authorizepodwebsocketupgradecreatepermission-md,NEEDS_HUMAN_REVIEW,,
candidate-07e64609a803,What security controls should be applied when using Using Dynamic Provisioning in Kubernetes?,security,Kubernetes,intermediate,kubernetes-docs-content-en-docs-concepts-storage-dynamic-provisioning-md,NEEDS_HUMAN_REVIEW,,
candidate-0821e99d96a0,What security controls should be applied when using Choosing a page type in Kubernetes?,security,Kubernetes,intermediate,kubernetes-docs-content-en-docs-contribute-style-write-new-topic-md,NEEDS_HUMAN_REVIEW,,
candidate-0ac67f5d18c9,What security controls should be applied when using Use case: dotfiles in a secret volume in Kubernetes?,security,Kubernetes,intermediate,kubernetes-docs-content-en-docs-concepts-configuration-secret-md,NEEDS_HUMAN_REVIEW,,
candidate-0b79715e7a50,What security controls should be applied when using Coordinate docs for a Kubernetes release in Kubernetes?,security,Kubernetes,intermediate,kubernetes-docs-content-en-docs-contribute-advanced-md,NEEDS_HUMAN_REVIEW,,
candidate-0e6e3a246304,"What security controls should be applied when using For an introduction to how Kubernetes implements and controls API access, read Controlling Access to in Kubernetes?",security,Kubernetes,advanced,kubernetes-docs-content-en-docs-reference-access-authn-authz-index-md,NEEDS_HUMAN_REVIEW,,
candidate-0ecbbbccee47,"What security controls should be applied when using Enabling the feature gate deactivated the legacy in-tree functionality within the kubelet, that allo in Kubernetes?",security,Kubernetes,advanced,kubernetes-docs-content-en-docs-reference-command-line-tools-reference-feature-gates-disablekubeletcloudcredentialproviders-md,NEEDS_HUMAN_REVIEW,,
candidate-0f1b36afebcf,What security controls should be applied when using Enables support for requesting admin access in a ResourceClaim or a ResourceClaimTemplate in Kubernetes?,security,Kubernetes,advanced,kubernetes-docs-content-en-docs-reference-command-line-tools-reference-feature-gates-draadminaccess-md,NEEDS_HUMAN_REVIEW,,
candidate-0f96151d83d5,What security controls should be applied when using Token Format in Kubernetes?,security,Kubernetes,intermediate,kubernetes-docs-content-en-docs-reference-access-authn-authz-bootstrap-tokens-md,NEEDS_HUMAN_REVIEW,,
candidate-1019fd8347cf,What security controls should be applied when using Relevant content in Kubernetes?,security,Kubernetes,intermediate,kubernetes-docs-content-en-docs-contribute-blog-guidelines-md,NEEDS_HUMAN_REVIEW,,
candidate-105a41a7cea3,"What security controls should be applied when using Can set ""Impersonate-Extra-scopes"" header and the ""Impersonate-Uid"" header in Kubernetes?",security,Kubernetes,advanced,kubernetes-docs-content-en-docs-reference-access-authn-authz-user-impersonation-md,NEEDS_HUMAN_REVIEW,,
candidate-05ed0f84b785,What security controls should be applied when using pglogicalinspect &mdash; logical decoding components inspection in PostgreSQL?,security,PostgreSQL,intermediate,postgresql-docs-doc-src-sgml-pglogicalinspect-sgml,NEEDS_HUMAN_REVIEW,,
candidate-06b898e7b1ff,What security controls should be applied when using dblink &mdash; connect to other PostgreSQL databases in PostgreSQL?,security,PostgreSQL,intermediate,postgresql-docs-doc-src-sgml-dblink-sgml,NEEDS_HUMAN_REVIEW,,
candidate-07c3f37dee69,What security controls should be applied when using Array Value Input in PostgreSQL?,security,PostgreSQL,intermediate,postgresql-docs-doc-src-sgml-array-sgml,NEEDS_HUMAN_REVIEW,,
candidate-081049348003,"What security controls should be applied when using basebackuptoshell &mdash; example ""shell"" pgbasebackup module in PostgreSQL?",security,PostgreSQL,intermediate,postgresql-docs-doc-src-sgml-basebackup-to-shell-sgml,NEEDS_HUMAN_REVIEW,,
candidate-09246adde8cc,What security controls should be applied when using pgwalinspect &mdash; low-level WAL inspection in PostgreSQL?,security,PostgreSQL,intermediate,postgresql-docs-doc-src-sgml-pgwalinspect-sgml,NEEDS_HUMAN_REVIEW,,
candidate-0bbbe9d22f36,What security controls should be applied when using btreegin &mdash; GIN operator classes with B-tree behavior in PostgreSQL?,security,PostgreSQL,advanced,postgresql-docs-doc-src-sgml-btree-gin-sgml,NEEDS_HUMAN_REVIEW,,
candidate-0bbe4aff324a,What security controls should be applied when using Create a Foreign Table for PostgreSQL CSV Logs in PostgreSQL?,security,PostgreSQL,advanced,postgresql-docs-doc-src-sgml-file-fdw-sgml,NEEDS_HUMAN_REVIEW,,
candidate-0c4631965090,What security controls should be applied when using The pgbuffercache View in PostgreSQL?,security,PostgreSQL,intermediate,postgresql-docs-doc-src-sgml-pgbuffercache-sgml,NEEDS_HUMAN_REVIEW,,
candidate-0d81596ab6ec,What security controls should be applied when using GIN Indexes in PostgreSQL?,security,PostgreSQL,intermediate,postgresql-docs-doc-src-sgml-gin-sgml,NEEDS_HUMAN_REVIEW,,
candidate-1089239137a6,What security controls should be applied when using Behavior of B-Tree Operator Classes in PostgreSQL?,security,PostgreSQL,intermediate,postgresql-docs-doc-src-sgml-btree-sgml,NEEDS_HUMAN_REVIEW,,
